-- phpMyAdmin SQL Dump
-- version 5.1.1
-- https://www.phpmyadmin.net/
--
-- Host: 127.0.0.1
-- Waktu pembuatan: 08 Jun 2022 pada 15.11
-- Versi server: 10.4.19-MariaDB
-- Versi PHP: 8.0.7

SET SQL_MODE = "NO_AUTO_VALUE_ON_ZERO";
START TRANSACTION;
SET time_zone = "+00:00";


/*!40101 SET @OLD_CHARACTER_SET_CLIENT=@@CHARACTER_SET_CLIENT */;
/*!40101 SET @OLD_CHARACTER_SET_RESULTS=@@CHARACTER_SET_RESULTS */;
/*!40101 SET @OLD_COLLATION_CONNECTION=@@COLLATION_CONNECTION */;
/*!40101 SET NAMES utf8mb4 */;

--
-- Database: `tenunsantara`
--

-- --------------------------------------------------------

--
-- Struktur dari tabel `products`
--

CREATE TABLE `products` (
  `id` int(11) NOT NULL,
  `title` varchar(150) NOT NULL,
  `product_slug` varchar(150) NOT NULL,
  `weaving_id` int(11) NOT NULL,
  `weaving_category_id` int(11) NOT NULL,
  `image` varchar(150) NOT NULL,
  `desc` text NOT NULL
) ENGINE=InnoDB DEFAULT CHARSET=utf8mb4;

--
-- Dumping data untuk tabel `products`
--

INSERT INTO `products` (`id`, `title`, `product_slug`, `weaving_id`, `weaving_category_id`, `image`, `desc`) VALUES
(1, 'Baju Model Dress Up Ulos Bintang Maratur', 'baju-model-dress-up-ulos-bintang-maratur-1', 1, 1, 'https://storage.googleapis.com/hijup-production-sg-magazine/2020/03/2-5.png', '<p style=\\\"text-align: justify;\\\"><strong>Ulos</strong>&nbsp;atau sering juga disebut&nbsp;<strong>kain ulos</strong>&nbsp;adalah salah satu busana khas Indonesia. Ulos secara turun temurun dikembangkan oleh masyarakat&nbsp;<a class=\\\"mw-disambig\\\" title=\\\"Batak\\\" href=\\\"https://id.wikipedia.org/wiki/Batak\\\">Batak</a>,&nbsp;<a title=\\\"Sumatra Utara\\\" href=\\\"https://id.wikipedia.org/wiki/Sumatra_Utara\\\">Sumatra Utara</a>. Dari bahasa asalnya, ulos berarti&nbsp;<a class=\\\"mw-disambig\\\" title=\\\"Kain\\\" href=\\\"https://id.wikipedia.org/wiki/Kain\\\">kain</a>. Cara membuat ulos serupa dengan cara membuat&nbsp;<a title=\\\"Songket\\\" href=\\\"https://id.wikipedia.org/wiki/Songket\\\">songket</a>&nbsp;khas&nbsp;<a class=\\\"mw-redirect\\\" title=\\\"Palembang\\\" href=\\\"https://id.wikipedia.org/wiki/Palembang\\\">Palembang</a>, yaitu menggunakan&nbsp;<a title=\\\"Alat tenun bukan mesin\\\" href=\\\"https://id.wikipedia.org/wiki/Alat_tenun_bukan_mesin\\\">alat tenun bukan mesin</a>.</p></br></br><p style=\\\"text-align: justify;\\\">Warna dominan pada ulos adalah&nbsp;<a title=\\\"Merah\\\" href=\\\"https://id.wikipedia.org/wiki/Merah\\\">merah</a>,&nbsp;<a title=\\\"Hitam\\\" href=\\\"https://id.wikipedia.org/wiki/Hitam\\\">hitam</a>, dan&nbsp;<a title=\\\"Putih\\\" href=\\\"https://id.wikipedia.org/wiki/Putih\\\">putih</a>&nbsp;yang dihiasi oleh ragam tenunan dari&nbsp;<a title=\\\"Benang\\\" href=\\\"https://id.wikipedia.org/wiki/Benang\\\">benang</a>&nbsp;emas atau perak. Mulanya ulos dikenakan di dalam bentuk&nbsp;<a title=\\\"Selendang\\\" href=\\\"https://id.wikipedia.org/wiki/Selendang\\\">selendang</a>&nbsp;atau&nbsp;<a title=\\\"Sarung\\\" href=\\\"https://id.wikipedia.org/wiki/Sarung\\\">sarung</a>&nbsp;saja, kerap digunakan pada perhelatan resmi atau upacara adat Batak, tetapi kini banyak dijumpai di dalam bentuk produk suvenir, sarung bantal,&nbsp;<a title=\\\"Ikat pinggang\\\" href=\\\"https://id.wikipedia.org/wiki/Ikat_pinggang\\\">ikat pinggang</a>,&nbsp;<a title=\\\"Tas\\\" href=\\\"https://id.wikipedia.org/wiki/Tas\\\">tas</a>,&nbsp;<a title=\\\"Pakaian\\\" href=\\\"https://id.wikipedia.org/wiki/Pakaian\\\">pakaian</a>, alas meja,&nbsp;<a title=\\\"Dasi\\\" href=\\\"https://id.wikipedia.org/wiki/Dasi\\\">dasi</a>,&nbsp;<a title=\\\"Dompet\\\" href=\\\"https://id.wikipedia.org/wiki/Dompet\\\">dompet</a>, dan&nbsp;<a class=\\\"mw-redirect\\\" title=\\\"Gorden\\\" href=\\\"https://id.wikipedia.org/wiki/Gorden\\\">gorden</a>.</p>'),
(2, 'Baju Model Dress Up Ulos Mangiring', 'baju-model-dress-up-ulos-mangiring-2', 1, 2, 'https://storage.googleapis.com/hijup-production-sg-magazine/2020/03/2-5.png', '<p style=\\\"text-align: justify;\\\"><strong>Ulos</strong>&nbsp;atau sering juga disebut&nbsp;<strong>kain ulos</strong>&nbsp;adalah salah satu busana khas Indonesia. Ulos secara turun temurun dikembangkan oleh masyarakat&nbsp;<a class=\\\"mw-disambig\\\" title=\\\"Batak\\\" href=\\\"https://id.wikipedia.org/wiki/Batak\\\">Batak</a>,&nbsp;<a title=\\\"Sumatra Utara\\\" href=\\\"https://id.wikipedia.org/wiki/Sumatra_Utara\\\">Sumatra Utara</a>. Dari bahasa asalnya, ulos berarti&nbsp;<a class=\\\"mw-disambig\\\" title=\\\"Kain\\\" href=\\\"https://id.wikipedia.org/wiki/Kain\\\">kain</a>. Cara membuat ulos serupa dengan cara membuat&nbsp;<a title=\\\"Songket\\\" href=\\\"https://id.wikipedia.org/wiki/Songket\\\">songket</a>&nbsp;khas&nbsp;<a class=\\\"mw-redirect\\\" title=\\\"Palembang\\\" href=\\\"https://id.wikipedia.org/wiki/Palembang\\\">Palembang</a>, yaitu menggunakan&nbsp;<a title=\\\"Alat tenun bukan mesin\\\" href=\\\"https://id.wikipedia.org/wiki/Alat_tenun_bukan_mesin\\\">alat tenun bukan mesin</a>.</p></br></br><p style=\\\"text-align: justify;\\\">Warna dominan pada ulos adalah&nbsp;<a title=\\\"Merah\\\" href=\\\"https://id.wikipedia.org/wiki/Merah\\\">merah</a>,&nbsp;<a title=\\\"Hitam\\\" href=\\\"https://id.wikipedia.org/wiki/Hitam\\\">hitam</a>, dan&nbsp;<a title=\\\"Putih\\\" href=\\\"https://id.wikipedia.org/wiki/Putih\\\">putih</a>&nbsp;yang dihiasi oleh ragam tenunan dari&nbsp;<a title=\\\"Benang\\\" href=\\\"https://id.wikipedia.org/wiki/Benang\\\">benang</a>&nbsp;emas atau perak. Mulanya ulos dikenakan di dalam bentuk&nbsp;<a title=\\\"Selendang\\\" href=\\\"https://id.wikipedia.org/wiki/Selendang\\\">selendang</a>&nbsp;atau&nbsp;<a title=\\\"Sarung\\\" href=\\\"https://id.wikipedia.org/wiki/Sarung\\\">sarung</a>&nbsp;saja, kerap digunakan pada perhelatan resmi atau upacara adat Batak, tetapi kini banyak dijumpai di dalam bentuk produk suvenir, sarung bantal,&nbsp;<a title=\\\"Ikat pinggang\\\" href=\\\"https://id.wikipedia.org/wiki/Ikat_pinggang\\\">ikat pinggang</a>,&nbsp;<a title=\\\"Tas\\\" href=\\\"https://id.wikipedia.org/wiki/Tas\\\">tas</a>,&nbsp;<a title=\\\"Pakaian\\\" href=\\\"https://id.wikipedia.org/wiki/Pakaian\\\">pakaian</a>, alas meja,&nbsp;<a title=\\\"Dasi\\\" href=\\\"https://id.wikipedia.org/wiki/Dasi\\\">dasi</a>,&nbsp;<a title=\\\"Dompet\\\" href=\\\"https://id.wikipedia.org/wiki/Dompet\\\">dompet</a>, dan&nbsp;<a class=\\\"mw-redirect\\\" title=\\\"Gorden\\\" href=\\\"https://id.wikipedia.org/wiki/Gorden\\\">gorden</a>.</p>'),
(3, 'Kain Tenun Gringsing Lubeng', 'kain-tenun-gringsing-lubeng', 2, 20, 'https://gitlab.com/b6072/backend-tenunsantara/-/blob/main/weaving_data/gringsing_01_kain_tenun_gringsing_lubeng.jpg', '<p style=\"text-align: justify;\"><strong>Kain gringsing</strong>&nbsp;adalah satu-satunya kain tenun tradisional Indonesia yang dibuat menggunakan teknik teknik dobel ikat dan memerlukan waktu 2-5 tahun. Kain ini berasal dari&nbsp;<a class=\"mw-redirect\" title=\"Tenganan\" href=\"https://id.wikipedia.org/wiki/Tenganan\">Desa Tenganan</a>,&nbsp;<a title=\"Bali\" href=\"https://id.wikipedia.org/wiki/Bali\">Bali</a>. Umumnya, masyarakat Tenganan memiliki kain gringsing berusia ratusan tahun yang digunakan dalam upacara khusus. Kata gringsing berasal dari&nbsp;<em>gring</em>&nbsp;yang berarti sakit dan&nbsp;<em>sing</em>&nbsp;yang berarti tidak, sehingga bila digabungkan menjadi tidak sakit. Maksud yang terkandung di dalam kata tersebut adalah seperti penolak bala. Di Bali, berbagai upacara, seperti upacara&nbsp;<a title=\"Potong gigi\" href=\"https://id.wikipedia.org/wiki/Potong_gigi\">potong gigi</a>, pernikahan, dan upacara keagamaan lain, dilakukan dengan bersandar pada kekuatan kain gringsing.</p>'),
(4, 'Selempang Kain Tenun Gringsing Cecempaka', 'selempang-kain-tenun-gringsing-cecempaka', 2, 21, 'https://gitlab.com/b6072/backend-tenunsantara/-/blob/main/weaving_data/gringsing_02_selempang_kain_tenun_gringsing_cecempaka.jpg', '<p style=\"text-align: justify;\"><strong>Kain gringsing</strong>&nbsp;adalah satu-satunya kain tenun tradisional Indonesia yang dibuat menggunakan teknik teknik dobel ikat dan memerlukan waktu 2-5 tahun. Kain ini berasal dari&nbsp;<a class=\"mw-redirect\" title=\"Tenganan\" href=\"https://id.wikipedia.org/wiki/Tenganan\">Desa Tenganan</a>,&nbsp;<a title=\"Bali\" href=\"https://id.wikipedia.org/wiki/Bali\">Bali</a>. Umumnya, masyarakat Tenganan memiliki kain gringsing berusia ratusan tahun yang digunakan dalam upacara khusus. Kata gringsing berasal dari&nbsp;<em>gring</em>&nbsp;yang berarti sakit dan&nbsp;<em>sing</em>&nbsp;yang berarti tidak, sehingga bila digabungkan menjadi tidak sakit. Maksud yang terkandung di dalam kata tersebut adalah seperti penolak bala. Di Bali, berbagai upacara, seperti upacara&nbsp;<a title=\"Potong gigi\" href=\"https://id.wikipedia.org/wiki/Potong_gigi\">potong gigi</a>, pernikahan, dan upacara keagamaan lain, dilakukan dengan bersandar pada kekuatan kain gringsing.</p>'),
(6, 'Kain Tenun Gringsing Wayang Kebo', 'kain-tenun-gringsing-wayang-kebo', 2, 23, 'https://gitlab.com/b6072/backend-tenunsantara/-/blob/main/weaving_data/gringsing_04_kain_tenun_gringsing_wayang_kebo.jpg', '<p style=\"text-align: justify;\"><strong>Kain gringsing</strong>&nbsp;adalah satu-satunya kain tenun tradisional Indonesia yang dibuat menggunakan teknik teknik dobel ikat dan memerlukan waktu 2-5 tahun. Kain ini berasal dari&nbsp;<a class=\"mw-redirect\" title=\"Tenganan\" href=\"https://id.wikipedia.org/wiki/Tenganan\">Desa Tenganan</a>,&nbsp;<a title=\"Bali\" href=\"https://id.wikipedia.org/wiki/Bali\">Bali</a>. Umumnya, masyarakat Tenganan memiliki kain gringsing berusia ratusan tahun yang digunakan dalam upacara khusus. Kata gringsing berasal dari&nbsp;<em>gring</em>&nbsp;yang berarti sakit dan&nbsp;<em>sing</em>&nbsp;yang berarti tidak, sehingga bila digabungkan menjadi tidak sakit. Maksud yang terkandung di dalam kata tersebut adalah seperti penolak bala. Di Bali, berbagai upacara, seperti upacara&nbsp;<a title=\"Potong gigi\" href=\"https://id.wikipedia.org/wiki/Potong_gigi\">potong gigi</a>, pernikahan, dan upacara keagamaan lain, dilakukan dengan bersandar pada kekuatan kain gringsing.</p>'),
(7, 'Selempang Kain Tenun Gringsing Cemplong', 'selempang-kain-tenun-gringsing-cemplong', 2, 24, 'https://gitlab.com/b6072/backend-tenunsantara/-/blob/main/weaving_data/gringsing_05_selempang_kain_tenun_gringsing_cemplong.jpg', '<p style=\"text-align: justify;\"><strong>Kain gringsing</strong>&nbsp;adalah satu-satunya kain tenun tradisional Indonesia yang dibuat menggunakan teknik teknik dobel ikat dan memerlukan waktu 2-5 tahun. Kain ini berasal dari&nbsp;<a class=\"mw-redirect\" title=\"Tenganan\" href=\"https://id.wikipedia.org/wiki/Tenganan\">Desa Tenganan</a>,&nbsp;<a title=\"Bali\" href=\"https://id.wikipedia.org/wiki/Bali\">Bali</a>. Umumnya, masyarakat Tenganan memiliki kain gringsing berusia ratusan tahun yang digunakan dalam upacara khusus. Kata gringsing berasal dari&nbsp;<em>gring</em>&nbsp;yang berarti sakit dan&nbsp;<em>sing</em>&nbsp;yang berarti tidak, sehingga bila digabungkan menjadi tidak sakit. Maksud yang terkandung di dalam kata tersebut adalah seperti penolak bala. Di Bali, berbagai upacara, seperti upacara&nbsp;<a title=\"Potong gigi\" href=\"https://id.wikipedia.org/wiki/Potong_gigi\">potong gigi</a>, pernikahan, dan upacara keagamaan lain, dilakukan dengan bersandar pada kekuatan kain gringsing.</p>'),
(8, 'Selendang Kain Tenun Gringsing Patlikur Isi', 'selendang-kain-tenun-gringsing-patlikur-isi', 2, 25, 'https://gitlab.com/b6072/backend-tenunsantara/-/blob/main/weaving_data/gringsing_06_selendang_kain_tenun_gringsing_patlikur_lisi.jpg', '<p style=\"text-align: justify;\"><strong>Kain gringsing</strong>&nbsp;adalah satu-satunya kain tenun tradisional Indonesia yang dibuat menggunakan teknik teknik dobel ikat dan memerlukan waktu 2-5 tahun. Kain ini berasal dari&nbsp;<a class=\"mw-redirect\" title=\"Tenganan\" href=\"https://id.wikipedia.org/wiki/Tenganan\">Desa Tenganan</a>,&nbsp;<a title=\"Bali\" href=\"https://id.wikipedia.org/wiki/Bali\">Bali</a>. Umumnya, masyarakat Tenganan memiliki kain gringsing berusia ratusan tahun yang digunakan dalam upacara khusus. Kata gringsing berasal dari&nbsp;<em>gring</em>&nbsp;yang berarti sakit dan&nbsp;<em>sing</em>&nbsp;yang berarti tidak, sehingga bila digabungkan menjadi tidak sakit. Maksud yang terkandung di dalam kata tersebut adalah seperti penolak bala. Di Bali, berbagai upacara, seperti upacara&nbsp;<a title=\"Potong gigi\" href=\"https://id.wikipedia.org/wiki/Potong_gigi\">potong gigi</a>, pernikahan, dan upacara keagamaan lain, dilakukan dengan bersandar pada kekuatan kain gringsing.</p>'),
(10, 'Kain Tenun Gringsing Batung Tuung', 'kain-tenun-gringsing-batung-tuung', 2, 27, 'https://gitlab.com/b6072/backend-tenunsantara/-/blob/main/weaving_data/gringsing_08_kain_tenun_gringsing_batung_tuung.jpg', '<p style=\"text-align: justify;\"><strong>Kain gringsing</strong>&nbsp;adalah satu-satunya kain tenun tradisional Indonesia yang dibuat menggunakan teknik teknik dobel ikat dan memerlukan waktu 2-5 tahun. Kain ini berasal dari&nbsp;<a class=\"mw-redirect\" title=\"Tenganan\" href=\"https://id.wikipedia.org/wiki/Tenganan\">Desa Tenganan</a>,&nbsp;<a title=\"Bali\" href=\"https://id.wikipedia.org/wiki/Bali\">Bali</a>. Umumnya, masyarakat Tenganan memiliki kain gringsing berusia ratusan tahun yang digunakan dalam upacara khusus. Kata gringsing berasal dari&nbsp;<em>gring</em>&nbsp;yang berarti sakit dan&nbsp;<em>sing</em>&nbsp;yang berarti tidak, sehingga bila digabungkan menjadi tidak sakit. Maksud yang terkandung di dalam kata tersebut adalah seperti penolak bala. Di Bali, berbagai upacara, seperti upacara&nbsp;<a title=\"Potong gigi\" href=\"https://id.wikipedia.org/wiki/Potong_gigi\">potong gigi</a>, pernikahan, dan upacara keagamaan lain, dilakukan dengan bersandar pada kekuatan kain gringsing.</p>'),
(11, 'Kain Tenun Gringsing Enjekan Siap', 'kain-tenun-gringsing-enjekan-siap', 2, 28, 'https://gitlab.com/b6072/backend-tenunsantara/-/blob/main/weaving_data/gringsing_09_kain_tenun_gringsing_enjekan_siap.jpg', '<p style=\"text-align: justify;\"><strong>Kain gringsing</strong>&nbsp;adalah satu-satunya kain tenun tradisional Indonesia yang dibuat menggunakan teknik teknik dobel ikat dan memerlukan waktu 2-5 tahun. Kain ini berasal dari&nbsp;<a class=\"mw-redirect\" title=\"Tenganan\" href=\"https://id.wikipedia.org/wiki/Tenganan\">Desa Tenganan</a>,&nbsp;<a title=\"Bali\" href=\"https://id.wikipedia.org/wiki/Bali\">Bali</a>. Umumnya, masyarakat Tenganan memiliki kain gringsing berusia ratusan tahun yang digunakan dalam upacara khusus. Kata gringsing berasal dari&nbsp;<em>gring</em>&nbsp;yang berarti sakit dan&nbsp;<em>sing</em>&nbsp;yang berarti tidak, sehingga bila digabungkan menjadi tidak sakit. Maksud yang terkandung di dalam kata tersebut adalah seperti penolak bala. Di Bali, berbagai upacara, seperti upacara&nbsp;<a title=\"Potong gigi\" href=\"https://id.wikipedia.org/wiki/Potong_gigi\">potong gigi</a>, pernikahan, dan upacara keagamaan lain, dilakukan dengan bersandar pada kekuatan kain gringsing.</p>'),
(12, 'Kain Tenun Gringsing Dingding Sigading', 'kain-tenun-gringsing-dingding-sigading', 2, 29, 'https://gitlab.com/b6072/backend-tenunsantara/-/blob/main/weaving_data/gringsing_10_kain_tenun_gringsing_dingding_sigading.jpg', '<p style=\"text-align: justify;\"><strong>Kain gringsing</strong>&nbsp;adalah satu-satunya kain tenun tradisional Indonesia yang dibuat menggunakan teknik teknik dobel ikat dan memerlukan waktu 2-5 tahun. Kain ini berasal dari&nbsp;<a class=\"mw-redirect\" title=\"Tenganan\" href=\"https://id.wikipedia.org/wiki/Tenganan\">Desa Tenganan</a>,&nbsp;<a title=\"Bali\" href=\"https://id.wikipedia.org/wiki/Bali\">Bali</a>. Umumnya, masyarakat Tenganan memiliki kain gringsing berusia ratusan tahun yang digunakan dalam upacara khusus. Kata gringsing berasal dari&nbsp;<em>gring</em>&nbsp;yang berarti sakit dan&nbsp;<em>sing</em>&nbsp;yang berarti tidak, sehingga bila digabungkan menjadi tidak sakit. Maksud yang terkandung di dalam kata tersebut adalah seperti penolak bala. Di Bali, berbagai upacara, seperti upacara&nbsp;<a title=\"Potong gigi\" href=\"https://id.wikipedia.org/wiki/Potong_gigi\">potong gigi</a>, pernikahan, dan upacara keagamaan lain, dilakukan dengan bersandar pada kekuatan kain gringsing.</p>'),
(13, 'Kain Tenun Dingding Ai', 'kain-tenun-dingding-ai', 2, 30, 'https://gitlab.com/b6072/backend-tenunsantara/-/blob/main/weaving_data/gringsing_11_kain_tenun_dingding_ai.jpg', '<p style=\"text-align: justify;\"><strong>Kain gringsing</strong>&nbsp;adalah satu-satunya kain tenun tradisional Indonesia yang dibuat menggunakan teknik teknik dobel ikat dan memerlukan waktu 2-5 tahun. Kain ini berasal dari&nbsp;<a class=\"mw-redirect\" title=\"Tenganan\" href=\"https://id.wikipedia.org/wiki/Tenganan\">Desa Tenganan</a>,&nbsp;<a title=\"Bali\" href=\"https://id.wikipedia.org/wiki/Bali\">Bali</a>. Umumnya, masyarakat Tenganan memiliki kain gringsing berusia ratusan tahun yang digunakan dalam upacara khusus. Kata gringsing berasal dari&nbsp;<em>gring</em>&nbsp;yang berarti sakit dan&nbsp;<em>sing</em>&nbsp;yang berarti tidak, sehingga bila digabungkan menjadi tidak sakit. Maksud yang terkandung di dalam kata tersebut adalah seperti penolak bala. Di Bali, berbagai upacara, seperti upacara&nbsp;<a title=\"Potong gigi\" href=\"https://id.wikipedia.org/wiki/Potong_gigi\">potong gigi</a>, pernikahan, dan upacara keagamaan lain, dilakukan dengan bersandar pada kekuatan kain gringsing.</p>'),
(15, 'Selendang Kain Tenun Gringsing Teteledan', 'kain-tenun-dingding-teteledan', 2, 32, 'https://gitlab.com/b6072/backend-tenunsantara/-/blob/main/weaving_data/gringsing_13_selendang_kain_tenun_gringsing_teteledan.jpg', '<p style=\"text-align: justify;\"><strong>Kain gringsing</strong>&nbsp;adalah satu-satunya kain tenun tradisional Indonesia yang dibuat menggunakan teknik teknik dobel ikat dan memerlukan waktu 2-5 tahun. Kain ini berasal dari&nbsp;<a class=\"mw-redirect\" title=\"Tenganan\" href=\"https://id.wikipedia.org/wiki/Tenganan\">Desa Tenganan</a>,&nbsp;<a title=\"Bali\" href=\"https://id.wikipedia.org/wiki/Bali\">Bali</a>. Umumnya, masyarakat Tenganan memiliki kain gringsing berusia ratusan tahun yang digunakan dalam upacara khusus. Kata gringsing berasal dari&nbsp;<em>gring</em>&nbsp;yang berarti sakit dan&nbsp;<em>sing</em>&nbsp;yang berarti tidak, sehingga bila digabungkan menjadi tidak sakit. Maksud yang terkandung di dalam kata tersebut adalah seperti penolak bala. Di Bali, berbagai upacara, seperti upacara&nbsp;<a title=\"Potong gigi\" href=\"https://id.wikipedia.org/wiki/Potong_gigi\">potong gigi</a>, pernikahan, dan upacara keagamaan lain, dilakukan dengan bersandar pada kekuatan kain gringsing.</p>'),
(16, 'Selendang Kain Ulos Bintang Maratur', 'selendang-kain-ulos-bintang-maratur', 1, 1, 'https://gitlab.com/b6072/backend-tenunsantara/-/blob/main/weaving_data/ulos_01_selendang_kain_ulos%20bintang_maratur.jpg', '<p style=\"text-align: justify;\"><strong>Ulos</strong>&nbsp;atau sering juga disebut&nbsp;<strong>kain ulos</strong>&nbsp;adalah salah satu busana khas Indonesia. Ulos secara turun temurun dikembangkan oleh masyarakat&nbsp;<a class=\"mw-disambig\" title=\"Batak\" href=\"https://id.wikipedia.org/wiki/Batak\">Batak</a>,&nbsp;<a title=\"Sumatra Utara\" href=\"https://id.wikipedia.org/wiki/Sumatra_Utara\">Sumatra Utara</a>. Dari bahasa asalnya, ulos berarti&nbsp;<a class=\"mw-disambig\" title=\"Kain\" href=\"https://id.wikipedia.org/wiki/Kain\">kain</a>. Cara membuat ulos serupa dengan cara membuat&nbsp;<a title=\"Songket\" href=\"https://id.wikipedia.org/wiki/Songket\">songket</a>&nbsp;khas&nbsp;<a class=\"mw-redirect\" title=\"Palembang\" href=\"https://id.wikipedia.org/wiki/Palembang\">Palembang</a>, yaitu menggunakan&nbsp;<a title=\"Alat tenun bukan mesin\" href=\"https://id.wikipedia.org/wiki/Alat_tenun_bukan_mesin\">alat tenun bukan mesin</a>.</p></br></br><p style=\"text-align: justify;\">Warna dominan pada ulos adalah&nbsp;<a title=\"Merah\" href=\"https://id.wikipedia.org/wiki/Merah\">merah</a>,&nbsp;<a title=\"Hitam\" href=\"https://id.wikipedia.org/wiki/Hitam\">hitam</a>, dan&nbsp;<a title=\"Putih\" href=\"https://id.wikipedia.org/wiki/Putih\">putih</a>&nbsp;yang dihiasi oleh ragam tenunan dari&nbsp;<a title=\"Benang\" href=\"https://id.wikipedia.org/wiki/Benang\">benang</a>&nbsp;emas atau perak. Mulanya ulos dikenakan di dalam bentuk&nbsp;<a title=\"Selendang\" href=\"https://id.wikipedia.org/wiki/Selendang\">selendang</a>&nbsp;atau&nbsp;<a title=\"Sarung\" href=\"https://id.wikipedia.org/wiki/Sarung\">sarung</a>&nbsp;saja, kerap digunakan pada perhelatan resmi atau upacara adat Batak, tetapi kini banyak dijumpai di dalam bentuk produk suvenir, sarung bantal,&nbsp;<a title=\"Ikat pinggang\" href=\"https://id.wikipedia.org/wiki/Ikat_pinggang\">ikat pinggang</a>,&nbsp;<a title=\"Tas\" href=\"https://id.wikipedia.org/wiki/Tas\">tas</a>,&nbsp;<a title=\"Pakaian\" href=\"https://id.wikipedia.org/wiki/Pakaian\">pakaian</a>, alas meja,&nbsp;<a title=\"Dasi\" href=\"https://id.wikipedia.org/wiki/Dasi\">dasi</a>,&nbsp;<a title=\"Dompet\" href=\"https://id.wikipedia.org/wiki/Dompet\">dompet</a>, dan&nbsp;<a class=\"mw-redirect\" title=\"Gorden\" href=\"https://id.wikipedia.org/wiki/Gorden\">gorden</a>.</p>'),
(17, 'Baju Model Ulos Mangiring', 'baju-model-ulos-mangiring', 1, 2, 'https://gitlab.com/b6072/backend-tenunsantara/-/blob/main/weaving_data/ulos_02_baju_model_ulos_mangiring.jpeg', '<p style=\"text-align: justify;\"><strong>Ulos</strong>&nbsp;atau sering juga disebut&nbsp;<strong>kain ulos</strong>&nbsp;adalah salah satu busana khas Indonesia. Ulos secara turun temurun dikembangkan oleh masyarakat&nbsp;<a class=\"mw-disambig\" title=\"Batak\" href=\"https://id.wikipedia.org/wiki/Batak\">Batak</a>,&nbsp;<a title=\"Sumatra Utara\" href=\"https://id.wikipedia.org/wiki/Sumatra_Utara\">Sumatra Utara</a>. Dari bahasa asalnya, ulos berarti&nbsp;<a class=\"mw-disambig\" title=\"Kain\" href=\"https://id.wikipedia.org/wiki/Kain\">kain</a>. Cara membuat ulos serupa dengan cara membuat&nbsp;<a title=\"Songket\" href=\"https://id.wikipedia.org/wiki/Songket\">songket</a>&nbsp;khas&nbsp;<a class=\"mw-redirect\" title=\"Palembang\" href=\"https://id.wikipedia.org/wiki/Palembang\">Palembang</a>, yaitu menggunakan&nbsp;<a title=\"Alat tenun bukan mesin\" href=\"https://id.wikipedia.org/wiki/Alat_tenun_bukan_mesin\">alat tenun bukan mesin</a>.</p></br></br><p style=\"text-align: justify;\">Warna dominan pada ulos adalah&nbsp;<a title=\"Merah\" href=\"https://id.wikipedia.org/wiki/Merah\">merah</a>,&nbsp;<a title=\"Hitam\" href=\"https://id.wikipedia.org/wiki/Hitam\">hitam</a>, dan&nbsp;<a title=\"Putih\" href=\"https://id.wikipedia.org/wiki/Putih\">putih</a>&nbsp;yang dihiasi oleh ragam tenunan dari&nbsp;<a title=\"Benang\" href=\"https://id.wikipedia.org/wiki/Benang\">benang</a>&nbsp;emas atau perak. Mulanya ulos dikenakan di dalam bentuk&nbsp;<a title=\"Selendang\" href=\"https://id.wikipedia.org/wiki/Selendang\">selendang</a>&nbsp;atau&nbsp;<a title=\"Sarung\" href=\"https://id.wikipedia.org/wiki/Sarung\">sarung</a>&nbsp;saja, kerap digunakan pada perhelatan resmi atau upacara adat Batak, tetapi kini banyak dijumpai di dalam bentuk produk suvenir, sarung bantal,&nbsp;<a title=\"Ikat pinggang\" href=\"https://id.wikipedia.org/wiki/Ikat_pinggang\">ikat pinggang</a>,&nbsp;<a title=\"Tas\" href=\"https://id.wikipedia.org/wiki/Tas\">tas</a>,&nbsp;<a title=\"Pakaian\" href=\"https://id.wikipedia.org/wiki/Pakaian\">pakaian</a>, alas meja,&nbsp;<a title=\"Dasi\" href=\"https://id.wikipedia.org/wiki/Dasi\">dasi</a>,&nbsp;<a title=\"Dompet\" href=\"https://id.wikipedia.org/wiki/Dompet\">dompet</a>, dan&nbsp;<a class=\"mw-redirect\" title=\"Gorden\" href=\"https://id.wikipedia.org/wiki/Gorden\">gorden</a>.</p>'),
(18, 'Selendang Kain Ulos Antak-Antak', 'selendang-kain-ulos-antak-antak', 1, 3, 'https://gitlab.com/b6072/backend-tenunsantara/-/blob/main/weaving_data/ulos_03_selendang_kain%20ulos_antak_antak.jpeg', '<p style=\"text-align: justify;\"><strong>Ulos</strong>&nbsp;atau sering juga disebut&nbsp;<strong>kain ulos</strong>&nbsp;adalah salah satu busana khas Indonesia. Ulos secara turun temurun dikembangkan oleh masyarakat&nbsp;<a class=\"mw-disambig\" title=\"Batak\" href=\"https://id.wikipedia.org/wiki/Batak\">Batak</a>,&nbsp;<a title=\"Sumatra Utara\" href=\"https://id.wikipedia.org/wiki/Sumatra_Utara\">Sumatra Utara</a>. Dari bahasa asalnya, ulos berarti&nbsp;<a class=\"mw-disambig\" title=\"Kain\" href=\"https://id.wikipedia.org/wiki/Kain\">kain</a>. Cara membuat ulos serupa dengan cara membuat&nbsp;<a title=\"Songket\" href=\"https://id.wikipedia.org/wiki/Songket\">songket</a>&nbsp;khas&nbsp;<a class=\"mw-redirect\" title=\"Palembang\" href=\"https://id.wikipedia.org/wiki/Palembang\">Palembang</a>, yaitu menggunakan&nbsp;<a title=\"Alat tenun bukan mesin\" href=\"https://id.wikipedia.org/wiki/Alat_tenun_bukan_mesin\">alat tenun bukan mesin</a>.</p></br></br><p style=\"text-align: justify;\">Warna dominan pada ulos adalah&nbsp;<a title=\"Merah\" href=\"https://id.wikipedia.org/wiki/Merah\">merah</a>,&nbsp;<a title=\"Hitam\" href=\"https://id.wikipedia.org/wiki/Hitam\">hitam</a>, dan&nbsp;<a title=\"Putih\" href=\"https://id.wikipedia.org/wiki/Putih\">putih</a>&nbsp;yang dihiasi oleh ragam tenunan dari&nbsp;<a title=\"Benang\" href=\"https://id.wikipedia.org/wiki/Benang\">benang</a>&nbsp;emas atau perak. Mulanya ulos dikenakan di dalam bentuk&nbsp;<a title=\"Selendang\" href=\"https://id.wikipedia.org/wiki/Selendang\">selendang</a>&nbsp;atau&nbsp;<a title=\"Sarung\" href=\"https://id.wikipedia.org/wiki/Sarung\">sarung</a>&nbsp;saja, kerap digunakan pada perhelatan resmi atau upacara adat Batak, tetapi kini banyak dijumpai di dalam bentuk produk suvenir, sarung bantal,&nbsp;<a title=\"Ikat pinggang\" href=\"https://id.wikipedia.org/wiki/Ikat_pinggang\">ikat pinggang</a>,&nbsp;<a title=\"Tas\" href=\"https://id.wikipedia.org/wiki/Tas\">tas</a>,&nbsp;<a title=\"Pakaian\" href=\"https://id.wikipedia.org/wiki/Pakaian\">pakaian</a>, alas meja,&nbsp;<a title=\"Dasi\" href=\"https://id.wikipedia.org/wiki/Dasi\">dasi</a>,&nbsp;<a title=\"Dompet\" href=\"https://id.wikipedia.org/wiki/Dompet\">dompet</a>, dan&nbsp;<a class=\"mw-redirect\" title=\"Gorden\" href=\"https://id.wikipedia.org/wiki/Gorden\">gorden</a>.</p>'),
(19, 'Selendang Kain Ulos Bolean', 'selendang-kain-ulos-bolean', 1, 4, 'https://gitlab.com/b6072/backend-tenunsantara/-/blob/main/weaving_data/ulos_04_selendang_kain_ulos_bolean.jpg', '<p style=\"text-align: justify;\"><strong>Ulos</strong>&nbsp;atau sering juga disebut&nbsp;<strong>kain ulos</strong>&nbsp;adalah salah satu busana khas Indonesia. Ulos secara turun temurun dikembangkan oleh masyarakat&nbsp;<a class=\"mw-disambig\" title=\"Batak\" href=\"https://id.wikipedia.org/wiki/Batak\">Batak</a>,&nbsp;<a title=\"Sumatra Utara\" href=\"https://id.wikipedia.org/wiki/Sumatra_Utara\">Sumatra Utara</a>. Dari bahasa asalnya, ulos berarti&nbsp;<a class=\"mw-disambig\" title=\"Kain\" href=\"https://id.wikipedia.org/wiki/Kain\">kain</a>. Cara membuat ulos serupa dengan cara membuat&nbsp;<a title=\"Songket\" href=\"https://id.wikipedia.org/wiki/Songket\">songket</a>&nbsp;khas&nbsp;<a class=\"mw-redirect\" title=\"Palembang\" href=\"https://id.wikipedia.org/wiki/Palembang\">Palembang</a>, yaitu menggunakan&nbsp;<a title=\"Alat tenun bukan mesin\" href=\"https://id.wikipedia.org/wiki/Alat_tenun_bukan_mesin\">alat tenun bukan mesin</a>.</p></br></br><p style=\"text-align: justify;\">Warna dominan pada ulos adalah&nbsp;<a title=\"Merah\" href=\"https://id.wikipedia.org/wiki/Merah\">merah</a>,&nbsp;<a title=\"Hitam\" href=\"https://id.wikipedia.org/wiki/Hitam\">hitam</a>, dan&nbsp;<a title=\"Putih\" href=\"https://id.wikipedia.org/wiki/Putih\">putih</a>&nbsp;yang dihiasi oleh ragam tenunan dari&nbsp;<a title=\"Benang\" href=\"https://id.wikipedia.org/wiki/Benang\">benang</a>&nbsp;emas atau perak. Mulanya ulos dikenakan di dalam bentuk&nbsp;<a title=\"Selendang\" href=\"https://id.wikipedia.org/wiki/Selendang\">selendang</a>&nbsp;atau&nbsp;<a title=\"Sarung\" href=\"https://id.wikipedia.org/wiki/Sarung\">sarung</a>&nbsp;saja, kerap digunakan pada perhelatan resmi atau upacara adat Batak, tetapi kini banyak dijumpai di dalam bentuk produk suvenir, sarung bantal,&nbsp;<a title=\"Ikat pinggang\" href=\"https://id.wikipedia.org/wiki/Ikat_pinggang\">ikat pinggang</a>,&nbsp;<a title=\"Tas\" href=\"https://id.wikipedia.org/wiki/Tas\">tas</a>,&nbsp;<a title=\"Pakaian\" href=\"https://id.wikipedia.org/wiki/Pakaian\">pakaian</a>, alas meja,&nbsp;<a title=\"Dasi\" href=\"https://id.wikipedia.org/wiki/Dasi\">dasi</a>,&nbsp;<a title=\"Dompet\" href=\"https://id.wikipedia.org/wiki/Dompet\">dompet</a>, dan&nbsp;<a class=\"mw-redirect\" title=\"Gorden\" href=\"https://id.wikipedia.org/wiki/Gorden\">gorden</a>.</p>'),
(20, 'Selendang Padang Ursa', 'selendang-padang-ursa', 1, 5, 'https://gitlab.com/b6072/backend-tenunsantara/-/blob/main/weaving_data/ulos_05_selendang_padang_ursa.jpg', '<p style=\"text-align: justify;\"><strong>Ulos</strong>&nbsp;atau sering juga disebut&nbsp;<strong>kain ulos</strong>&nbsp;adalah salah satu busana khas Indonesia. Ulos secara turun temurun dikembangkan oleh masyarakat&nbsp;<a class=\"mw-disambig\" title=\"Batak\" href=\"https://id.wikipedia.org/wiki/Batak\">Batak</a>,&nbsp;<a title=\"Sumatra Utara\" href=\"https://id.wikipedia.org/wiki/Sumatra_Utara\">Sumatra Utara</a>. Dari bahasa asalnya, ulos berarti&nbsp;<a class=\"mw-disambig\" title=\"Kain\" href=\"https://id.wikipedia.org/wiki/Kain\">kain</a>. Cara membuat ulos serupa dengan cara membuat&nbsp;<a title=\"Songket\" href=\"https://id.wikipedia.org/wiki/Songket\">songket</a>&nbsp;khas&nbsp;<a class=\"mw-redirect\" title=\"Palembang\" href=\"https://id.wikipedia.org/wiki/Palembang\">Palembang</a>, yaitu menggunakan&nbsp;<a title=\"Alat tenun bukan mesin\" href=\"https://id.wikipedia.org/wiki/Alat_tenun_bukan_mesin\">alat tenun bukan mesin</a>.</p></br></br><p style=\"text-align: justify;\">Warna dominan pada ulos adalah&nbsp;<a title=\"Merah\" href=\"https://id.wikipedia.org/wiki/Merah\">merah</a>,&nbsp;<a title=\"Hitam\" href=\"https://id.wikipedia.org/wiki/Hitam\">hitam</a>, dan&nbsp;<a title=\"Putih\" href=\"https://id.wikipedia.org/wiki/Putih\">putih</a>&nbsp;yang dihiasi oleh ragam tenunan dari&nbsp;<a title=\"Benang\" href=\"https://id.wikipedia.org/wiki/Benang\">benang</a>&nbsp;emas atau perak. Mulanya ulos dikenakan di dalam bentuk&nbsp;<a title=\"Selendang\" href=\"https://id.wikipedia.org/wiki/Selendang\">selendang</a>&nbsp;atau&nbsp;<a title=\"Sarung\" href=\"https://id.wikipedia.org/wiki/Sarung\">sarung</a>&nbsp;saja, kerap digunakan pada perhelatan resmi atau upacara adat Batak, tetapi kini banyak dijumpai di dalam bentuk produk suvenir, sarung bantal,&nbsp;<a title=\"Ikat pinggang\" href=\"https://id.wikipedia.org/wiki/Ikat_pinggang\">ikat pinggang</a>,&nbsp;<a title=\"Tas\" href=\"https://id.wikipedia.org/wiki/Tas\">tas</a>,&nbsp;<a title=\"Pakaian\" href=\"https://id.wikipedia.org/wiki/Pakaian\">pakaian</a>, alas meja,&nbsp;<a title=\"Dasi\" href=\"https://id.wikipedia.org/wiki/Dasi\">dasi</a>,&nbsp;<a title=\"Dompet\" href=\"https://id.wikipedia.org/wiki/Dompet\">dompet</a>, dan&nbsp;<a class=\"mw-redirect\" title=\"Gorden\" href=\"https://id.wikipedia.org/wiki/Gorden\">gorden</a>.</p>'),
(21, 'Kain Pinan Lobu-Lobu', 'kain-pinan-lobu-lobu', 1, 6, 'https://gitlab.com/b6072/backend-tenunsantara/-/blob/main/weaving_data/ulos_06_kain_pinan_lobu_lobu.jpg', '<p style=\"text-align: justify;\"><strong>Ulos</strong>&nbsp;atau sering juga disebut&nbsp;<strong>kain ulos</strong>&nbsp;adalah salah satu busana khas Indonesia. Ulos secara turun temurun dikembangkan oleh masyarakat&nbsp;<a class=\"mw-disambig\" title=\"Batak\" href=\"https://id.wikipedia.org/wiki/Batak\">Batak</a>,&nbsp;<a title=\"Sumatra Utara\" href=\"https://id.wikipedia.org/wiki/Sumatra_Utara\">Sumatra Utara</a>. Dari bahasa asalnya, ulos berarti&nbsp;<a class=\"mw-disambig\" title=\"Kain\" href=\"https://id.wikipedia.org/wiki/Kain\">kain</a>. Cara membuat ulos serupa dengan cara membuat&nbsp;<a title=\"Songket\" href=\"https://id.wikipedia.org/wiki/Songket\">songket</a>&nbsp;khas&nbsp;<a class=\"mw-redirect\" title=\"Palembang\" href=\"https://id.wikipedia.org/wiki/Palembang\">Palembang</a>, yaitu menggunakan&nbsp;<a title=\"Alat tenun bukan mesin\" href=\"https://id.wikipedia.org/wiki/Alat_tenun_bukan_mesin\">alat tenun bukan mesin</a>.</p></br></br><p style=\"text-align: justify;\">Warna dominan pada ulos adalah&nbsp;<a title=\"Merah\" href=\"https://id.wikipedia.org/wiki/Merah\">merah</a>,&nbsp;<a title=\"Hitam\" href=\"https://id.wikipedia.org/wiki/Hitam\">hitam</a>, dan&nbsp;<a title=\"Putih\" href=\"https://id.wikipedia.org/wiki/Putih\">putih</a>&nbsp;yang dihiasi oleh ragam tenunan dari&nbsp;<a title=\"Benang\" href=\"https://id.wikipedia.org/wiki/Benang\">benang</a>&nbsp;emas atau perak. Mulanya ulos dikenakan di dalam bentuk&nbsp;<a title=\"Selendang\" href=\"https://id.wikipedia.org/wiki/Selendang\">selendang</a>&nbsp;atau&nbsp;<a title=\"Sarung\" href=\"https://id.wikipedia.org/wiki/Sarung\">sarung</a>&nbsp;saja, kerap digunakan pada perhelatan resmi atau upacara adat Batak, tetapi kini banyak dijumpai di dalam bentuk produk suvenir, sarung bantal,&nbsp;<a title=\"Ikat pinggang\" href=\"https://id.wikipedia.org/wiki/Ikat_pinggang\">ikat pinggang</a>,&nbsp;<a title=\"Tas\" href=\"https://id.wikipedia.org/wiki/Tas\">tas</a>,&nbsp;<a title=\"Pakaian\" href=\"https://id.wikipedia.org/wiki/Pakaian\">pakaian</a>, alas meja,&nbsp;<a title=\"Dasi\" href=\"https://id.wikipedia.org/wiki/Dasi\">dasi</a>,&nbsp;<a title=\"Dompet\" href=\"https://id.wikipedia.org/wiki/Dompet\">dompet</a>, dan&nbsp;<a class=\"mw-redirect\" title=\"Gorden\" href=\"https://id.wikipedia.org/wiki/Gorden\">gorden</a>.</p>'),
(22, 'Selendang Kain Ulos Pinuncaan', 'selendang-kain-ulos-pinuncaan', 1, 7, 'https://gitlab.com/b6072/backend-tenunsantara/-/blob/main/weaving_data/ulos_07_selendang_kain_ulos_pinuncaan.jpg', '<p style=\"text-align: justify;\"><strong>Ulos</strong>&nbsp;atau sering juga disebut&nbsp;<strong>kain ulos</strong>&nbsp;adalah salah satu busana khas Indonesia. Ulos secara turun temurun dikembangkan oleh masyarakat&nbsp;<a class=\"mw-disambig\" title=\"Batak\" href=\"https://id.wikipedia.org/wiki/Batak\">Batak</a>,&nbsp;<a title=\"Sumatra Utara\" href=\"https://id.wikipedia.org/wiki/Sumatra_Utara\">Sumatra Utara</a>. Dari bahasa asalnya, ulos berarti&nbsp;<a class=\"mw-disambig\" title=\"Kain\" href=\"https://id.wikipedia.org/wiki/Kain\">kain</a>. Cara membuat ulos serupa dengan cara membuat&nbsp;<a title=\"Songket\" href=\"https://id.wikipedia.org/wiki/Songket\">songket</a>&nbsp;khas&nbsp;<a class=\"mw-redirect\" title=\"Palembang\" href=\"https://id.wikipedia.org/wiki/Palembang\">Palembang</a>, yaitu menggunakan&nbsp;<a title=\"Alat tenun bukan mesin\" href=\"https://id.wikipedia.org/wiki/Alat_tenun_bukan_mesin\">alat tenun bukan mesin</a>.</p></br></br><p style=\"text-align: justify;\">Warna dominan pada ulos adalah&nbsp;<a title=\"Merah\" href=\"https://id.wikipedia.org/wiki/Merah\">merah</a>,&nbsp;<a title=\"Hitam\" href=\"https://id.wikipedia.org/wiki/Hitam\">hitam</a>, dan&nbsp;<a title=\"Putih\" href=\"https://id.wikipedia.org/wiki/Putih\">putih</a>&nbsp;yang dihiasi oleh ragam tenunan dari&nbsp;<a title=\"Benang\" href=\"https://id.wikipedia.org/wiki/Benang\">benang</a>&nbsp;emas atau perak. Mulanya ulos dikenakan di dalam bentuk&nbsp;<a title=\"Selendang\" href=\"https://id.wikipedia.org/wiki/Selendang\">selendang</a>&nbsp;atau&nbsp;<a title=\"Sarung\" href=\"https://id.wikipedia.org/wiki/Sarung\">sarung</a>&nbsp;saja, kerap digunakan pada perhelatan resmi atau upacara adat Batak, tetapi kini banyak dijumpai di dalam bentuk produk suvenir, sarung bantal,&nbsp;<a title=\"Ikat pinggang\" href=\"https://id.wikipedia.org/wiki/Ikat_pinggang\">ikat pinggang</a>,&nbsp;<a title=\"Tas\" href=\"https://id.wikipedia.org/wiki/Tas\">tas</a>,&nbsp;<a title=\"Pakaian\" href=\"https://id.wikipedia.org/wiki/Pakaian\">pakaian</a>, alas meja,&nbsp;<a title=\"Dasi\" href=\"https://id.wikipedia.org/wiki/Dasi\">dasi</a>,&nbsp;<a title=\"Dompet\" href=\"https://id.wikipedia.org/wiki/Dompet\">dompet</a>, dan&nbsp;<a class=\"mw-redirect\" title=\"Gorden\" href=\"https://id.wikipedia.org/wiki/Gorden\">gorden</a>.</p>'),
(23, 'Kemeja Motif Ulos Ragi Hotang', 'kemeja-motif-ulos-ragi-hotang', 1, 8, 'https://gitlab.com/b6072/backend-tenunsantara/-/blob/main/weaving_data/ulos_08_kemeja_motif_ulos_ragi_hotang.jpg', '<p style=\"text-align: justify;\"><strong>Ulos</strong>&nbsp;atau sering juga disebut&nbsp;<strong>kain ulos</strong>&nbsp;adalah salah satu busana khas Indonesia. Ulos secara turun temurun dikembangkan oleh masyarakat&nbsp;<a class=\"mw-disambig\" title=\"Batak\" href=\"https://id.wikipedia.org/wiki/Batak\">Batak</a>,&nbsp;<a title=\"Sumatra Utara\" href=\"https://id.wikipedia.org/wiki/Sumatra_Utara\">Sumatra Utara</a>. Dari bahasa asalnya, ulos berarti&nbsp;<a class=\"mw-disambig\" title=\"Kain\" href=\"https://id.wikipedia.org/wiki/Kain\">kain</a>. Cara membuat ulos serupa dengan cara membuat&nbsp;<a title=\"Songket\" href=\"https://id.wikipedia.org/wiki/Songket\">songket</a>&nbsp;khas&nbsp;<a class=\"mw-redirect\" title=\"Palembang\" href=\"https://id.wikipedia.org/wiki/Palembang\">Palembang</a>, yaitu menggunakan&nbsp;<a title=\"Alat tenun bukan mesin\" href=\"https://id.wikipedia.org/wiki/Alat_tenun_bukan_mesin\">alat tenun bukan mesin</a>.</p></br></br><p style=\"text-align: justify;\">Warna dominan pada ulos adalah&nbsp;<a title=\"Merah\" href=\"https://id.wikipedia.org/wiki/Merah\">merah</a>,&nbsp;<a title=\"Hitam\" href=\"https://id.wikipedia.org/wiki/Hitam\">hitam</a>, dan&nbsp;<a title=\"Putih\" href=\"https://id.wikipedia.org/wiki/Putih\">putih</a>&nbsp;yang dihiasi oleh ragam tenunan dari&nbsp;<a title=\"Benang\" href=\"https://id.wikipedia.org/wiki/Benang\">benang</a>&nbsp;emas atau perak. Mulanya ulos dikenakan di dalam bentuk&nbsp;<a title=\"Selendang\" href=\"https://id.wikipedia.org/wiki/Selendang\">selendang</a>&nbsp;atau&nbsp;<a title=\"Sarung\" href=\"https://id.wikipedia.org/wiki/Sarung\">sarung</a>&nbsp;saja, kerap digunakan pada perhelatan resmi atau upacara adat Batak, tetapi kini banyak dijumpai di dalam bentuk produk suvenir, sarung bantal,&nbsp;<a title=\"Ikat pinggang\" href=\"https://id.wikipedia.org/wiki/Ikat_pinggang\">ikat pinggang</a>,&nbsp;<a title=\"Tas\" href=\"https://id.wikipedia.org/wiki/Tas\">tas</a>,&nbsp;<a title=\"Pakaian\" href=\"https://id.wikipedia.org/wiki/Pakaian\">pakaian</a>, alas meja,&nbsp;<a title=\"Dasi\" href=\"https://id.wikipedia.org/wiki/Dasi\">dasi</a>,&nbsp;<a title=\"Dompet\" href=\"https://id.wikipedia.org/wiki/Dompet\">dompet</a>, dan&nbsp;<a class=\"mw-redirect\" title=\"Gorden\" href=\"https://id.wikipedia.org/wiki/Gorden\">gorden</a>.</p>'),
(24, 'Selendang Ulos Ragi Hotang', 'selendang-ulos-ragi-hotang', 1, 8, 'https://gitlab.com/b6072/backend-tenunsantara/-/blob/main/weaving_data/ulos_08_selendang_ulos_ragi_hotang.jpg', '<p style=\"text-align: justify;\"><strong>Ulos</strong>&nbsp;atau sering juga disebut&nbsp;<strong>kain ulos</strong>&nbsp;adalah salah satu busana khas Indonesia. Ulos secara turun temurun dikembangkan oleh masyarakat&nbsp;<a class=\"mw-disambig\" title=\"Batak\" href=\"https://id.wikipedia.org/wiki/Batak\">Batak</a>,&nbsp;<a title=\"Sumatra Utara\" href=\"https://id.wikipedia.org/wiki/Sumatra_Utara\">Sumatra Utara</a>. Dari bahasa asalnya, ulos berarti&nbsp;<a class=\"mw-disambig\" title=\"Kain\" href=\"https://id.wikipedia.org/wiki/Kain\">kain</a>. Cara membuat ulos serupa dengan cara membuat&nbsp;<a title=\"Songket\" href=\"https://id.wikipedia.org/wiki/Songket\">songket</a>&nbsp;khas&nbsp;<a class=\"mw-redirect\" title=\"Palembang\" href=\"https://id.wikipedia.org/wiki/Palembang\">Palembang</a>, yaitu menggunakan&nbsp;<a title=\"Alat tenun bukan mesin\" href=\"https://id.wikipedia.org/wiki/Alat_tenun_bukan_mesin\">alat tenun bukan mesin</a>.</p></br></br><p style=\"text-align: justify;\">Warna dominan pada ulos adalah&nbsp;<a title=\"Merah\" href=\"https://id.wikipedia.org/wiki/Merah\">merah</a>,&nbsp;<a title=\"Hitam\" href=\"https://id.wikipedia.org/wiki/Hitam\">hitam</a>, dan&nbsp;<a title=\"Putih\" href=\"https://id.wikipedia.org/wiki/Putih\">putih</a>&nbsp;yang dihiasi oleh ragam tenunan dari&nbsp;<a title=\"Benang\" href=\"https://id.wikipedia.org/wiki/Benang\">benang</a>&nbsp;emas atau perak. Mulanya ulos dikenakan di dalam bentuk&nbsp;<a title=\"Selendang\" href=\"https://id.wikipedia.org/wiki/Selendang\">selendang</a>&nbsp;atau&nbsp;<a title=\"Sarung\" href=\"https://id.wikipedia.org/wiki/Sarung\">sarung</a>&nbsp;saja, kerap digunakan pada perhelatan resmi atau upacara adat Batak, tetapi kini banyak dijumpai di dalam bentuk produk suvenir, sarung bantal,&nbsp;<a title=\"Ikat pinggang\" href=\"https://id.wikipedia.org/wiki/Ikat_pinggang\">ikat pinggang</a>,&nbsp;<a title=\"Tas\" href=\"https://id.wikipedia.org/wiki/Tas\">tas</a>,&nbsp;<a title=\"Pakaian\" href=\"https://id.wikipedia.org/wiki/Pakaian\">pakaian</a>, alas meja,&nbsp;<a title=\"Dasi\" href=\"https://id.wikipedia.org/wiki/Dasi\">dasi</a>,&nbsp;<a title=\"Dompet\" href=\"https://id.wikipedia.org/wiki/Dompet\">dompet</a>, dan&nbsp;<a class=\"mw-redirect\" title=\"Gorden\" href=\"https://id.wikipedia.org/wiki/Gorden\">gorden</a>.</p>'),
(25, 'Baju Ulos Ragi Huting', 'baju-ulos-ragi-huting', 1, 9, 'https://gitlab.com/b6072/backend-tenunsantara/-/blob/main/weaving_data/ulos_09_baju_ulos_ragi_huting.jpg', '<p style=\"text-align: justify;\"><strong>Ulos</strong>&nbsp;atau sering juga disebut&nbsp;<strong>kain ulos</strong>&nbsp;adalah salah satu busana khas Indonesia. Ulos secara turun temurun dikembangkan oleh masyarakat&nbsp;<a class=\"mw-disambig\" title=\"Batak\" href=\"https://id.wikipedia.org/wiki/Batak\">Batak</a>,&nbsp;<a title=\"Sumatra Utara\" href=\"https://id.wikipedia.org/wiki/Sumatra_Utara\">Sumatra Utara</a>. Dari bahasa asalnya, ulos berarti&nbsp;<a class=\"mw-disambig\" title=\"Kain\" href=\"https://id.wikipedia.org/wiki/Kain\">kain</a>. Cara membuat ulos serupa dengan cara membuat&nbsp;<a title=\"Songket\" href=\"https://id.wikipedia.org/wiki/Songket\">songket</a>&nbsp;khas&nbsp;<a class=\"mw-redirect\" title=\"Palembang\" href=\"https://id.wikipedia.org/wiki/Palembang\">Palembang</a>, yaitu menggunakan&nbsp;<a title=\"Alat tenun bukan mesin\" href=\"https://id.wikipedia.org/wiki/Alat_tenun_bukan_mesin\">alat tenun bukan mesin</a>.</p></br></br><p style=\"text-align: justify;\">Warna dominan pada ulos adalah&nbsp;<a title=\"Merah\" href=\"https://id.wikipedia.org/wiki/Merah\">merah</a>,&nbsp;<a title=\"Hitam\" href=\"https://id.wikipedia.org/wiki/Hitam\">hitam</a>, dan&nbsp;<a title=\"Putih\" href=\"https://id.wikipedia.org/wiki/Putih\">putih</a>&nbsp;yang dihiasi oleh ragam tenunan dari&nbsp;<a title=\"Benang\" href=\"https://id.wikipedia.org/wiki/Benang\">benang</a>&nbsp;emas atau perak. Mulanya ulos dikenakan di dalam bentuk&nbsp;<a title=\"Selendang\" href=\"https://id.wikipedia.org/wiki/Selendang\">selendang</a>&nbsp;atau&nbsp;<a title=\"Sarung\" href=\"https://id.wikipedia.org/wiki/Sarung\">sarung</a>&nbsp;saja, kerap digunakan pada perhelatan resmi atau upacara adat Batak, tetapi kini banyak dijumpai di dalam bentuk produk suvenir, sarung bantal,&nbsp;<a title=\"Ikat pinggang\" href=\"https://id.wikipedia.org/wiki/Ikat_pinggang\">ikat pinggang</a>,&nbsp;<a title=\"Tas\" href=\"https://id.wikipedia.org/wiki/Tas\">tas</a>,&nbsp;<a title=\"Pakaian\" href=\"https://id.wikipedia.org/wiki/Pakaian\">pakaian</a>, alas meja,&nbsp;<a title=\"Dasi\" href=\"https://id.wikipedia.org/wiki/Dasi\">dasi</a>,&nbsp;<a title=\"Dompet\" href=\"https://id.wikipedia.org/wiki/Dompet\">dompet</a>, dan&nbsp;<a class=\"mw-redirect\" title=\"Gorden\" href=\"https://id.wikipedia.org/wiki/Gorden\">gorden</a>.</p>'),
(26, 'Selendang Kain Ulos Sibolang Rasta Pamotari Warna ', 'selendang-kain-ulos-sibolang-rasta-pamotari-warna-', 1, 10, 'https://gitlab.com/b6072/backend-tenunsantara/-/blob/main/weaving_data/ulos_10_selendang_%20kain_ulos_sibolang_rasta_pamotari_warna_navy.jpg', '<p style=\"text-align: justify;\"><strong>Ulos</strong>&nbsp;atau sering juga disebut&nbsp;<strong>kain ulos</strong>&nbsp;adalah salah satu busana khas Indonesia. Ulos secara turun temurun dikembangkan oleh masyarakat&nbsp;<a class=\"mw-disambig\" title=\"Batak\" href=\"https://id.wikipedia.org/wiki/Batak\">Batak</a>,&nbsp;<a title=\"Sumatra Utara\" href=\"https://id.wikipedia.org/wiki/Sumatra_Utara\">Sumatra Utara</a>. Dari bahasa asalnya, ulos berarti&nbsp;<a class=\"mw-disambig\" title=\"Kain\" href=\"https://id.wikipedia.org/wiki/Kain\">kain</a>. Cara membuat ulos serupa dengan cara membuat&nbsp;<a title=\"Songket\" href=\"https://id.wikipedia.org/wiki/Songket\">songket</a>&nbsp;khas&nbsp;<a class=\"mw-redirect\" title=\"Palembang\" href=\"https://id.wikipedia.org/wiki/Palembang\">Palembang</a>, yaitu menggunakan&nbsp;<a title=\"Alat tenun bukan mesin\" href=\"https://id.wikipedia.org/wiki/Alat_tenun_bukan_mesin\">alat tenun bukan mesin</a>.</p></br></br><p style=\"text-align: justify;\">Warna dominan pada ulos adalah&nbsp;<a title=\"Merah\" href=\"https://id.wikipedia.org/wiki/Merah\">merah</a>,&nbsp;<a title=\"Hitam\" href=\"https://id.wikipedia.org/wiki/Hitam\">hitam</a>, dan&nbsp;<a title=\"Putih\" href=\"https://id.wikipedia.org/wiki/Putih\">putih</a>&nbsp;yang dihiasi oleh ragam tenunan dari&nbsp;<a title=\"Benang\" href=\"https://id.wikipedia.org/wiki/Benang\">benang</a>&nbsp;emas atau perak. Mulanya ulos dikenakan di dalam bentuk&nbsp;<a title=\"Selendang\" href=\"https://id.wikipedia.org/wiki/Selendang\">selendang</a>&nbsp;atau&nbsp;<a title=\"Sarung\" href=\"https://id.wikipedia.org/wiki/Sarung\">sarung</a>&nbsp;saja, kerap digunakan pada perhelatan resmi atau upacara adat Batak, tetapi kini banyak dijumpai di dalam bentuk produk suvenir, sarung bantal,&nbsp;<a title=\"Ikat pinggang\" href=\"https://id.wikipedia.org/wiki/Ikat_pinggang\">ikat pinggang</a>,&nbsp;<a title=\"Tas\" href=\"https://id.wikipedia.org/wiki/Tas\">tas</a>,&nbsp;<a title=\"Pakaian\" href=\"https://id.wikipedia.org/wiki/Pakaian\">pakaian</a>, alas meja,&nbsp;<a title=\"Dasi\" href=\"https://id.wikipedia.org/wiki/Dasi\">dasi</a>,&nbsp;<a title=\"Dompet\" href=\"https://id.wikipedia.org/wiki/Dompet\">dompet</a>, dan&nbsp;<a class=\"mw-redirect\" title=\"Gorden\" href=\"https://id.wikipedia.org/wiki/Gorden\">gorden</a>.</p>'),
(27, 'Selendang Ulos Si Bunga Umbasang Simpar', 'selendang-ulos-si-bunga-umbasang-simpar', 1, 11, 'https://gitlab.com/b6072/backend-tenunsantara/-/blob/main/weaving_data/ulos_11_12_selendang_ulos_si_bunga_umbasang_simpar.jpg', '<p style=\"text-align: justify;\"><strong>Ulos</strong>&nbsp;atau sering juga disebut&nbsp;<strong>kain ulos</strong>&nbsp;adalah salah satu busana khas Indonesia. Ulos secara turun temurun dikembangkan oleh masyarakat&nbsp;<a class=\"mw-disambig\" title=\"Batak\" href=\"https://id.wikipedia.org/wiki/Batak\">Batak</a>,&nbsp;<a title=\"Sumatra Utara\" href=\"https://id.wikipedia.org/wiki/Sumatra_Utara\">Sumatra Utara</a>. Dari bahasa asalnya, ulos berarti&nbsp;<a class=\"mw-disambig\" title=\"Kain\" href=\"https://id.wikipedia.org/wiki/Kain\">kain</a>. Cara membuat ulos serupa dengan cara membuat&nbsp;<a title=\"Songket\" href=\"https://id.wikipedia.org/wiki/Songket\">songket</a>&nbsp;khas&nbsp;<a class=\"mw-redirect\" title=\"Palembang\" href=\"https://id.wikipedia.org/wiki/Palembang\">Palembang</a>, yaitu menggunakan&nbsp;<a title=\"Alat tenun bukan mesin\" href=\"https://id.wikipedia.org/wiki/Alat_tenun_bukan_mesin\">alat tenun bukan mesin</a>.</p></br></br><p style=\"text-align: justify;\">Warna dominan pada ulos adalah&nbsp;<a title=\"Merah\" href=\"https://id.wikipedia.org/wiki/Merah\">merah</a>,&nbsp;<a title=\"Hitam\" href=\"https://id.wikipedia.org/wiki/Hitam\">hitam</a>, dan&nbsp;<a title=\"Putih\" href=\"https://id.wikipedia.org/wiki/Putih\">putih</a>&nbsp;yang dihiasi oleh ragam tenunan dari&nbsp;<a title=\"Benang\" href=\"https://id.wikipedia.org/wiki/Benang\">benang</a>&nbsp;emas atau perak. Mulanya ulos dikenakan di dalam bentuk&nbsp;<a title=\"Selendang\" href=\"https://id.wikipedia.org/wiki/Selendang\">selendang</a>&nbsp;atau&nbsp;<a title=\"Sarung\" href=\"https://id.wikipedia.org/wiki/Sarung\">sarung</a>&nbsp;saja, kerap digunakan pada perhelatan resmi atau upacara adat Batak, tetapi kini banyak dijumpai di dalam bentuk produk suvenir, sarung bantal,&nbsp;<a title=\"Ikat pinggang\" href=\"https://id.wikipedia.org/wiki/Ikat_pinggang\">ikat pinggang</a>,&nbsp;<a title=\"Tas\" href=\"https://id.wikipedia.org/wiki/Tas\">tas</a>,&nbsp;<a title=\"Pakaian\" href=\"https://id.wikipedia.org/wiki/Pakaian\">pakaian</a>, alas meja,&nbsp;<a title=\"Dasi\" href=\"https://id.wikipedia.org/wiki/Dasi\">dasi</a>,&nbsp;<a title=\"Dompet\" href=\"https://id.wikipedia.org/wiki/Dompet\">dompet</a>, dan&nbsp;<a class=\"mw-redirect\" title=\"Gorden\" href=\"https://id.wikipedia.org/wiki/Gorden\">gorden</a>.</p>');
INSERT INTO `products` (`id`, `title`, `product_slug`, `weaving_id`, `weaving_category_id`, `image`, `desc`) VALUES
(28, 'Ikat Kepala Ulos Sitolu Tuho', 'ikat-kepala-ulos-sitolu-tuho', 1, 13, 'https://gitlab.com/b6072/backend-tenunsantara/-/blob/main/weaving_data/ulos_13_ikat_kepala_ulos_sitolu_tuho.png', '<p style=\"text-align: justify;\"><strong>Ulos</strong>&nbsp;atau sering juga disebut&nbsp;<strong>kain ulos</strong>&nbsp;adalah salah satu busana khas Indonesia. Ulos secara turun temurun dikembangkan oleh masyarakat&nbsp;<a class=\"mw-disambig\" title=\"Batak\" href=\"https://id.wikipedia.org/wiki/Batak\">Batak</a>,&nbsp;<a title=\"Sumatra Utara\" href=\"https://id.wikipedia.org/wiki/Sumatra_Utara\">Sumatra Utara</a>. Dari bahasa asalnya, ulos berarti&nbsp;<a class=\"mw-disambig\" title=\"Kain\" href=\"https://id.wikipedia.org/wiki/Kain\">kain</a>. Cara membuat ulos serupa dengan cara membuat&nbsp;<a title=\"Songket\" href=\"https://id.wikipedia.org/wiki/Songket\">songket</a>&nbsp;khas&nbsp;<a class=\"mw-redirect\" title=\"Palembang\" href=\"https://id.wikipedia.org/wiki/Palembang\">Palembang</a>, yaitu menggunakan&nbsp;<a title=\"Alat tenun bukan mesin\" href=\"https://id.wikipedia.org/wiki/Alat_tenun_bukan_mesin\">alat tenun bukan mesin</a>.</p></br></br><p style=\"text-align: justify;\">Warna dominan pada ulos adalah&nbsp;<a title=\"Merah\" href=\"https://id.wikipedia.org/wiki/Merah\">merah</a>,&nbsp;<a title=\"Hitam\" href=\"https://id.wikipedia.org/wiki/Hitam\">hitam</a>, dan&nbsp;<a title=\"Putih\" href=\"https://id.wikipedia.org/wiki/Putih\">putih</a>&nbsp;yang dihiasi oleh ragam tenunan dari&nbsp;<a title=\"Benang\" href=\"https://id.wikipedia.org/wiki/Benang\">benang</a>&nbsp;emas atau perak. Mulanya ulos dikenakan di dalam bentuk&nbsp;<a title=\"Selendang\" href=\"https://id.wikipedia.org/wiki/Selendang\">selendang</a>&nbsp;atau&nbsp;<a title=\"Sarung\" href=\"https://id.wikipedia.org/wiki/Sarung\">sarung</a>&nbsp;saja, kerap digunakan pada perhelatan resmi atau upacara adat Batak, tetapi kini banyak dijumpai di dalam bentuk produk suvenir, sarung bantal,&nbsp;<a title=\"Ikat pinggang\" href=\"https://id.wikipedia.org/wiki/Ikat_pinggang\">ikat pinggang</a>,&nbsp;<a title=\"Tas\" href=\"https://id.wikipedia.org/wiki/Tas\">tas</a>,&nbsp;<a title=\"Pakaian\" href=\"https://id.wikipedia.org/wiki/Pakaian\">pakaian</a>, alas meja,&nbsp;<a title=\"Dasi\" href=\"https://id.wikipedia.org/wiki/Dasi\">dasi</a>,&nbsp;<a title=\"Dompet\" href=\"https://id.wikipedia.org/wiki/Dompet\">dompet</a>, dan&nbsp;<a class=\"mw-redirect\" title=\"Gorden\" href=\"https://id.wikipedia.org/wiki/Gorden\">gorden</a>.</p>'),
(29, 'Kain Ulos Suri-Suri Ganjang', 'kain-ulos-suri-suri-ganjang', 1, 14, 'https://gitlab.com/b6072/backend-tenunsantara/-/blob/main/weaving_data/ulos_14_kain_ulos_suri_suri_ganjang.jpg', '<p style=\"text-align: justify;\"><strong>Ulos</strong>&nbsp;atau sering juga disebut&nbsp;<strong>kain ulos</strong>&nbsp;adalah salah satu busana khas Indonesia. Ulos secara turun temurun dikembangkan oleh masyarakat&nbsp;<a class=\"mw-disambig\" title=\"Batak\" href=\"https://id.wikipedia.org/wiki/Batak\">Batak</a>,&nbsp;<a title=\"Sumatra Utara\" href=\"https://id.wikipedia.org/wiki/Sumatra_Utara\">Sumatra Utara</a>. Dari bahasa asalnya, ulos berarti&nbsp;<a class=\"mw-disambig\" title=\"Kain\" href=\"https://id.wikipedia.org/wiki/Kain\">kain</a>. Cara membuat ulos serupa dengan cara membuat&nbsp;<a title=\"Songket\" href=\"https://id.wikipedia.org/wiki/Songket\">songket</a>&nbsp;khas&nbsp;<a class=\"mw-redirect\" title=\"Palembang\" href=\"https://id.wikipedia.org/wiki/Palembang\">Palembang</a>, yaitu menggunakan&nbsp;<a title=\"Alat tenun bukan mesin\" href=\"https://id.wikipedia.org/wiki/Alat_tenun_bukan_mesin\">alat tenun bukan mesin</a>.</p></br></br><p style=\"text-align: justify;\">Warna dominan pada ulos adalah&nbsp;<a title=\"Merah\" href=\"https://id.wikipedia.org/wiki/Merah\">merah</a>,&nbsp;<a title=\"Hitam\" href=\"https://id.wikipedia.org/wiki/Hitam\">hitam</a>, dan&nbsp;<a title=\"Putih\" href=\"https://id.wikipedia.org/wiki/Putih\">putih</a>&nbsp;yang dihiasi oleh ragam tenunan dari&nbsp;<a title=\"Benang\" href=\"https://id.wikipedia.org/wiki/Benang\">benang</a>&nbsp;emas atau perak. Mulanya ulos dikenakan di dalam bentuk&nbsp;<a title=\"Selendang\" href=\"https://id.wikipedia.org/wiki/Selendang\">selendang</a>&nbsp;atau&nbsp;<a title=\"Sarung\" href=\"https://id.wikipedia.org/wiki/Sarung\">sarung</a>&nbsp;saja, kerap digunakan pada perhelatan resmi atau upacara adat Batak, tetapi kini banyak dijumpai di dalam bentuk produk suvenir, sarung bantal,&nbsp;<a title=\"Ikat pinggang\" href=\"https://id.wikipedia.org/wiki/Ikat_pinggang\">ikat pinggang</a>,&nbsp;<a title=\"Tas\" href=\"https://id.wikipedia.org/wiki/Tas\">tas</a>,&nbsp;<a title=\"Pakaian\" href=\"https://id.wikipedia.org/wiki/Pakaian\">pakaian</a>, alas meja,&nbsp;<a title=\"Dasi\" href=\"https://id.wikipedia.org/wiki/Dasi\">dasi</a>,&nbsp;<a title=\"Dompet\" href=\"https://id.wikipedia.org/wiki/Dompet\">dompet</a>, dan&nbsp;<a class=\"mw-redirect\" title=\"Gorden\" href=\"https://id.wikipedia.org/wiki/Gorden\">gorden</a>.</p>'),
(30, 'Simarinjam Sisi', 'simarinjam-sisi', 1, 15, 'https://gitlab.com/b6072/backend-tenunsantara/-/blob/main/weaving_data/ulos_15_simarinjam_sisi.jpg', '<p style=\"text-align: justify;\"><strong>Ulos</strong>&nbsp;atau sering juga disebut&nbsp;<strong>kain ulos</strong>&nbsp;adalah salah satu busana khas Indonesia. Ulos secara turun temurun dikembangkan oleh masyarakat&nbsp;<a class=\"mw-disambig\" title=\"Batak\" href=\"https://id.wikipedia.org/wiki/Batak\">Batak</a>,&nbsp;<a title=\"Sumatra Utara\" href=\"https://id.wikipedia.org/wiki/Sumatra_Utara\">Sumatra Utara</a>. Dari bahasa asalnya, ulos berarti&nbsp;<a class=\"mw-disambig\" title=\"Kain\" href=\"https://id.wikipedia.org/wiki/Kain\">kain</a>. Cara membuat ulos serupa dengan cara membuat&nbsp;<a title=\"Songket\" href=\"https://id.wikipedia.org/wiki/Songket\">songket</a>&nbsp;khas&nbsp;<a class=\"mw-redirect\" title=\"Palembang\" href=\"https://id.wikipedia.org/wiki/Palembang\">Palembang</a>, yaitu menggunakan&nbsp;<a title=\"Alat tenun bukan mesin\" href=\"https://id.wikipedia.org/wiki/Alat_tenun_bukan_mesin\">alat tenun bukan mesin</a>.</p></br></br><p style=\"text-align: justify;\">Warna dominan pada ulos adalah&nbsp;<a title=\"Merah\" href=\"https://id.wikipedia.org/wiki/Merah\">merah</a>,&nbsp;<a title=\"Hitam\" href=\"https://id.wikipedia.org/wiki/Hitam\">hitam</a>, dan&nbsp;<a title=\"Putih\" href=\"https://id.wikipedia.org/wiki/Putih\">putih</a>&nbsp;yang dihiasi oleh ragam tenunan dari&nbsp;<a title=\"Benang\" href=\"https://id.wikipedia.org/wiki/Benang\">benang</a>&nbsp;emas atau perak. Mulanya ulos dikenakan di dalam bentuk&nbsp;<a title=\"Selendang\" href=\"https://id.wikipedia.org/wiki/Selendang\">selendang</a>&nbsp;atau&nbsp;<a title=\"Sarung\" href=\"https://id.wikipedia.org/wiki/Sarung\">sarung</a>&nbsp;saja, kerap digunakan pada perhelatan resmi atau upacara adat Batak, tetapi kini banyak dijumpai di dalam bentuk produk suvenir, sarung bantal,&nbsp;<a title=\"Ikat pinggang\" href=\"https://id.wikipedia.org/wiki/Ikat_pinggang\">ikat pinggang</a>,&nbsp;<a title=\"Tas\" href=\"https://id.wikipedia.org/wiki/Tas\">tas</a>,&nbsp;<a title=\"Pakaian\" href=\"https://id.wikipedia.org/wiki/Pakaian\">pakaian</a>, alas meja,&nbsp;<a title=\"Dasi\" href=\"https://id.wikipedia.org/wiki/Dasi\">dasi</a>,&nbsp;<a title=\"Dompet\" href=\"https://id.wikipedia.org/wiki/Dompet\">dompet</a>, dan&nbsp;<a class=\"mw-redirect\" title=\"Gorden\" href=\"https://id.wikipedia.org/wiki/Gorden\">gorden</a>.</p>'),
(31, 'Kain Ulos Ragi Pakko', 'kain-ulos-ragi-pakko', 1, 16, 'https://gitlab.com/b6072/backend-tenunsantara/-/blob/main/weaving_data/ulos_16_kain_ulos_ragi_pakko.jpg', '<p style=\"text-align: justify;\"><strong>Ulos</strong>&nbsp;atau sering juga disebut&nbsp;<strong>kain ulos</strong>&nbsp;adalah salah satu busana khas Indonesia. Ulos secara turun temurun dikembangkan oleh masyarakat&nbsp;<a class=\"mw-disambig\" title=\"Batak\" href=\"https://id.wikipedia.org/wiki/Batak\">Batak</a>,&nbsp;<a title=\"Sumatra Utara\" href=\"https://id.wikipedia.org/wiki/Sumatra_Utara\">Sumatra Utara</a>. Dari bahasa asalnya, ulos berarti&nbsp;<a class=\"mw-disambig\" title=\"Kain\" href=\"https://id.wikipedia.org/wiki/Kain\">kain</a>. Cara membuat ulos serupa dengan cara membuat&nbsp;<a title=\"Songket\" href=\"https://id.wikipedia.org/wiki/Songket\">songket</a>&nbsp;khas&nbsp;<a class=\"mw-redirect\" title=\"Palembang\" href=\"https://id.wikipedia.org/wiki/Palembang\">Palembang</a>, yaitu menggunakan&nbsp;<a title=\"Alat tenun bukan mesin\" href=\"https://id.wikipedia.org/wiki/Alat_tenun_bukan_mesin\">alat tenun bukan mesin</a>.</p></br></br><p style=\"text-align: justify;\">Warna dominan pada ulos adalah&nbsp;<a title=\"Merah\" href=\"https://id.wikipedia.org/wiki/Merah\">merah</a>,&nbsp;<a title=\"Hitam\" href=\"https://id.wikipedia.org/wiki/Hitam\">hitam</a>, dan&nbsp;<a title=\"Putih\" href=\"https://id.wikipedia.org/wiki/Putih\">putih</a>&nbsp;yang dihiasi oleh ragam tenunan dari&nbsp;<a title=\"Benang\" href=\"https://id.wikipedia.org/wiki/Benang\">benang</a>&nbsp;emas atau perak. Mulanya ulos dikenakan di dalam bentuk&nbsp;<a title=\"Selendang\" href=\"https://id.wikipedia.org/wiki/Selendang\">selendang</a>&nbsp;atau&nbsp;<a title=\"Sarung\" href=\"https://id.wikipedia.org/wiki/Sarung\">sarung</a>&nbsp;saja, kerap digunakan pada perhelatan resmi atau upacara adat Batak, tetapi kini banyak dijumpai di dalam bentuk produk suvenir, sarung bantal,&nbsp;<a title=\"Ikat pinggang\" href=\"https://id.wikipedia.org/wiki/Ikat_pinggang\">ikat pinggang</a>,&nbsp;<a title=\"Tas\" href=\"https://id.wikipedia.org/wiki/Tas\">tas</a>,&nbsp;<a title=\"Pakaian\" href=\"https://id.wikipedia.org/wiki/Pakaian\">pakaian</a>, alas meja,&nbsp;<a title=\"Dasi\" href=\"https://id.wikipedia.org/wiki/Dasi\">dasi</a>,&nbsp;<a title=\"Dompet\" href=\"https://id.wikipedia.org/wiki/Dompet\">dompet</a>, dan&nbsp;<a class=\"mw-redirect\" title=\"Gorden\" href=\"https://id.wikipedia.org/wiki/Gorden\">gorden</a>.</p>'),
(32, 'Kain Ulos Harangan', 'kain-ulos-harangan', 1, 17, 'https://gitlab.com/b6072/backend-tenunsantara/-/blob/main/weaving_data/ulos_17_kain_ulos_harangan.jpg', '<p style=\"text-align: justify;\"><strong>Ulos</strong>&nbsp;atau sering juga disebut&nbsp;<strong>kain ulos</strong>&nbsp;adalah salah satu busana khas Indonesia. Ulos secara turun temurun dikembangkan oleh masyarakat&nbsp;<a class=\"mw-disambig\" title=\"Batak\" href=\"https://id.wikipedia.org/wiki/Batak\">Batak</a>,&nbsp;<a title=\"Sumatra Utara\" href=\"https://id.wikipedia.org/wiki/Sumatra_Utara\">Sumatra Utara</a>. Dari bahasa asalnya, ulos berarti&nbsp;<a class=\"mw-disambig\" title=\"Kain\" href=\"https://id.wikipedia.org/wiki/Kain\">kain</a>. Cara membuat ulos serupa dengan cara membuat&nbsp;<a title=\"Songket\" href=\"https://id.wikipedia.org/wiki/Songket\">songket</a>&nbsp;khas&nbsp;<a class=\"mw-redirect\" title=\"Palembang\" href=\"https://id.wikipedia.org/wiki/Palembang\">Palembang</a>, yaitu menggunakan&nbsp;<a title=\"Alat tenun bukan mesin\" href=\"https://id.wikipedia.org/wiki/Alat_tenun_bukan_mesin\">alat tenun bukan mesin</a>.</p></br></br><p style=\"text-align: justify;\">Warna dominan pada ulos adalah&nbsp;<a title=\"Merah\" href=\"https://id.wikipedia.org/wiki/Merah\">merah</a>,&nbsp;<a title=\"Hitam\" href=\"https://id.wikipedia.org/wiki/Hitam\">hitam</a>, dan&nbsp;<a title=\"Putih\" href=\"https://id.wikipedia.org/wiki/Putih\">putih</a>&nbsp;yang dihiasi oleh ragam tenunan dari&nbsp;<a title=\"Benang\" href=\"https://id.wikipedia.org/wiki/Benang\">benang</a>&nbsp;emas atau perak. Mulanya ulos dikenakan di dalam bentuk&nbsp;<a title=\"Selendang\" href=\"https://id.wikipedia.org/wiki/Selendang\">selendang</a>&nbsp;atau&nbsp;<a title=\"Sarung\" href=\"https://id.wikipedia.org/wiki/Sarung\">sarung</a>&nbsp;saja, kerap digunakan pada perhelatan resmi atau upacara adat Batak, tetapi kini banyak dijumpai di dalam bentuk produk suvenir, sarung bantal,&nbsp;<a title=\"Ikat pinggang\" href=\"https://id.wikipedia.org/wiki/Ikat_pinggang\">ikat pinggang</a>,&nbsp;<a title=\"Tas\" href=\"https://id.wikipedia.org/wiki/Tas\">tas</a>,&nbsp;<a title=\"Pakaian\" href=\"https://id.wikipedia.org/wiki/Pakaian\">pakaian</a>, alas meja,&nbsp;<a title=\"Dasi\" href=\"https://id.wikipedia.org/wiki/Dasi\">dasi</a>,&nbsp;<a title=\"Dompet\" href=\"https://id.wikipedia.org/wiki/Dompet\">dompet</a>, dan&nbsp;<a class=\"mw-redirect\" title=\"Gorden\" href=\"https://id.wikipedia.org/wiki/Gorden\">gorden</a>.</p>'),
(33, 'Sarung Ulos Tumtuman', 'sarung-ulos-tumtuman', 1, 18, 'https://gitlab.com/b6072/backend-tenunsantara/-/blob/main/weaving_data/ulos_18_sarung_ulos_tumtuman.jpg', '<p style=\"text-align: justify;\"><strong>Ulos</strong>&nbsp;atau sering juga disebut&nbsp;<strong>kain ulos</strong>&nbsp;adalah salah satu busana khas Indonesia. Ulos secara turun temurun dikembangkan oleh masyarakat&nbsp;<a class=\"mw-disambig\" title=\"Batak\" href=\"https://id.wikipedia.org/wiki/Batak\">Batak</a>,&nbsp;<a title=\"Sumatra Utara\" href=\"https://id.wikipedia.org/wiki/Sumatra_Utara\">Sumatra Utara</a>. Dari bahasa asalnya, ulos berarti&nbsp;<a class=\"mw-disambig\" title=\"Kain\" href=\"https://id.wikipedia.org/wiki/Kain\">kain</a>. Cara membuat ulos serupa dengan cara membuat&nbsp;<a title=\"Songket\" href=\"https://id.wikipedia.org/wiki/Songket\">songket</a>&nbsp;khas&nbsp;<a class=\"mw-redirect\" title=\"Palembang\" href=\"https://id.wikipedia.org/wiki/Palembang\">Palembang</a>, yaitu menggunakan&nbsp;<a title=\"Alat tenun bukan mesin\" href=\"https://id.wikipedia.org/wiki/Alat_tenun_bukan_mesin\">alat tenun bukan mesin</a>.</p></br></br><p style=\"text-align: justify;\">Warna dominan pada ulos adalah&nbsp;<a title=\"Merah\" href=\"https://id.wikipedia.org/wiki/Merah\">merah</a>,&nbsp;<a title=\"Hitam\" href=\"https://id.wikipedia.org/wiki/Hitam\">hitam</a>, dan&nbsp;<a title=\"Putih\" href=\"https://id.wikipedia.org/wiki/Putih\">putih</a>&nbsp;yang dihiasi oleh ragam tenunan dari&nbsp;<a title=\"Benang\" href=\"https://id.wikipedia.org/wiki/Benang\">benang</a>&nbsp;emas atau perak. Mulanya ulos dikenakan di dalam bentuk&nbsp;<a title=\"Selendang\" href=\"https://id.wikipedia.org/wiki/Selendang\">selendang</a>&nbsp;atau&nbsp;<a title=\"Sarung\" href=\"https://id.wikipedia.org/wiki/Sarung\">sarung</a>&nbsp;saja, kerap digunakan pada perhelatan resmi atau upacara adat Batak, tetapi kini banyak dijumpai di dalam bentuk produk suvenir, sarung bantal,&nbsp;<a title=\"Ikat pinggang\" href=\"https://id.wikipedia.org/wiki/Ikat_pinggang\">ikat pinggang</a>,&nbsp;<a title=\"Tas\" href=\"https://id.wikipedia.org/wiki/Tas\">tas</a>,&nbsp;<a title=\"Pakaian\" href=\"https://id.wikipedia.org/wiki/Pakaian\">pakaian</a>, alas meja,&nbsp;<a title=\"Dasi\" href=\"https://id.wikipedia.org/wiki/Dasi\">dasi</a>,&nbsp;<a title=\"Dompet\" href=\"https://id.wikipedia.org/wiki/Dompet\">dompet</a>, dan&nbsp;<a class=\"mw-redirect\" title=\"Gorden\" href=\"https://id.wikipedia.org/wiki/Gorden\">gorden</a>.</p>'),
(34, 'Selendang Ulos Tutur-Tutur', 'selendang-ulos-tutur-tutur', 1, 19, 'https://gitlab.com/b6072/backend-tenunsantara/-/blob/main/weaving_data/ulos_19_selendang_ulos_tutur_tutur.jpg', '<p style=\"text-align: justify;\"><strong>Ulos</strong>&nbsp;atau sering juga disebut&nbsp;<strong>kain ulos</strong>&nbsp;adalah salah satu busana khas Indonesia. Ulos secara turun temurun dikembangkan oleh masyarakat&nbsp;<a class=\"mw-disambig\" title=\"Batak\" href=\"https://id.wikipedia.org/wiki/Batak\">Batak</a>,&nbsp;<a title=\"Sumatra Utara\" href=\"https://id.wikipedia.org/wiki/Sumatra_Utara\">Sumatra Utara</a>. Dari bahasa asalnya, ulos berarti&nbsp;<a class=\"mw-disambig\" title=\"Kain\" href=\"https://id.wikipedia.org/wiki/Kain\">kain</a>. Cara membuat ulos serupa dengan cara membuat&nbsp;<a title=\"Songket\" href=\"https://id.wikipedia.org/wiki/Songket\">songket</a>&nbsp;khas&nbsp;<a class=\"mw-redirect\" title=\"Palembang\" href=\"https://id.wikipedia.org/wiki/Palembang\">Palembang</a>, yaitu menggunakan&nbsp;<a title=\"Alat tenun bukan mesin\" href=\"https://id.wikipedia.org/wiki/Alat_tenun_bukan_mesin\">alat tenun bukan mesin</a>.</p></br></br><p style=\"text-align: justify;\">Warna dominan pada ulos adalah&nbsp;<a title=\"Merah\" href=\"https://id.wikipedia.org/wiki/Merah\">merah</a>,&nbsp;<a title=\"Hitam\" href=\"https://id.wikipedia.org/wiki/Hitam\">hitam</a>, dan&nbsp;<a title=\"Putih\" href=\"https://id.wikipedia.org/wiki/Putih\">putih</a>&nbsp;yang dihiasi oleh ragam tenunan dari&nbsp;<a title=\"Benang\" href=\"https://id.wikipedia.org/wiki/Benang\">benang</a>&nbsp;emas atau perak. Mulanya ulos dikenakan di dalam bentuk&nbsp;<a title=\"Selendang\" href=\"https://id.wikipedia.org/wiki/Selendang\">selendang</a>&nbsp;atau&nbsp;<a title=\"Sarung\" href=\"https://id.wikipedia.org/wiki/Sarung\">sarung</a>&nbsp;saja, kerap digunakan pada perhelatan resmi atau upacara adat Batak, tetapi kini banyak dijumpai di dalam bentuk produk suvenir, sarung bantal,&nbsp;<a title=\"Ikat pinggang\" href=\"https://id.wikipedia.org/wiki/Ikat_pinggang\">ikat pinggang</a>,&nbsp;<a title=\"Tas\" href=\"https://id.wikipedia.org/wiki/Tas\">tas</a>,&nbsp;<a title=\"Pakaian\" href=\"https://id.wikipedia.org/wiki/Pakaian\">pakaian</a>, alas meja,&nbsp;<a title=\"Dasi\" href=\"https://id.wikipedia.org/wiki/Dasi\">dasi</a>,&nbsp;<a title=\"Dompet\" href=\"https://id.wikipedia.org/wiki/Dompet\">dompet</a>, dan&nbsp;<a class=\"mw-redirect\" title=\"Gorden\" href=\"https://id.wikipedia.org/wiki/Gorden\">gorden</a>.</p>'),
(35, 'Kain Tenun Toraja Motif Pa\' Sekong Kandaure', 'kain-tenun-toraja-motif-pa-sekong-kandure-35', 3, 30, 'https://gitlab.com/b6072/backend-tenunsantara/-/blob/main/weaving_data/toraja_01_kain_tenun_toraja_motif_pa_sekong_kandure.png', '<p style=\"text-align: justify;\"><strong>Kain Tenun Toraja Asli Model Pa\' Sekong Kandaure</strong></p>\n<p style=\"text-align: justify;\"><a href=\"https://batikindonesia.com/motif-kain-tenun-toraja/\"><strong>Pa&rsquo;sekong Kandaure</strong></a> berasal dari dua kata, yakni Sekong yang berarti lengkung yang membentuk garis siku. Dan Kandaure yang bermakna aksesoris yang digunakan oleh wanita saat memakai pakaian adat.</p>\n<p style=\"text-align: justify;\">Kain tenun ikat dengan motif ini melambangkan kebesaran perempuan Toraja. Sebab itulah, saat seorang perempuan Toraja meninggal dunia, maka peti mayatnya akan diberi kain dengan motif Pa&rsquo;sekong Kandaure.</p>'),
(36, 'Kain Tenun Toraja Motif Tau-tau', 'kain-tenun-toraja-motif-tau-tau-36', 3, 31, 'https://gitlab.com/b6072/backend-tenunsantara/-/blob/main/weaving_data/toraja_02_kain_tenun_toraja_motif_tau_tau.png', '<p style=\"text-align: justify;\"><strong>Kain Tenun Toraja Motif Tau-tau</strong></p>\r\n<p style=\"text-align: justify;\">Motif Tau-tau biasanya terdapat pada kain sarita, yakni kain sakral suku Toraja yang dijadikan hiasan dalam acar adat. Kain ini juga merupakan kain antik yang menandakan kelas sosial pemakainya. Makna Tau-tau secara harfiah adalah orang-orangan. Pembuatan kain tenun Toraja dengan motif Tau-tau terbagi ke dalam dua jnis, yaoti Tau-tau lampa dan Tau-tau nangka.</p>'),
(37, 'Bantal Sofa Tenun Motif Pa\'tedong', 'bantal-sofa-motif-tenun-patedong-37', 3, 32, 'https://gitlab.com/b6072/backend-tenunsantara/-/blob/main/weaving_data/toraja_03_bantal_sofa_motif_tenun_pa_tedong.jpg', '<p><strong>Bantal Tenun Motif Tenun Toraja Pa\'tedong</strong></p>\r\n<p>Pa‟tedong berasal dari kata Tedong yang dalam bahasa indonesia berarti kerbau. Motif Pa‟tedong menyerupai bagian muka seekor kerbau. Di Toraja, kerbau adalah binatang peliharaan yang utama dan sangat disayangi. Bagi masyarakat Toraja, kerbau memilki fungsi ganda yaitu sebagai emas kain, sebagai pengelolah sawah, alat transaksi dalam jual beli masyarakat, sebagai korban persembahan kepada dewa atau leluhur yang telah meninggal dan lain-lain.</p>'),
(38, 'Kain Tenun Pa\'tangke Lumu\'', 'kain-tenun-patangke-lumu-38', 3, 33, 'https://gitlab.com/b6072/backend-tenunsantara/-/blob/main/weaving_data/toraja_04_kain_batik_pa\'_tangke_lumu.jpg', '<p style=\"text-align: justify;\"><strong>Kain Tenun Toraja Motif Pa\'tangke Lumu\'</strong></p>\r\n<p style=\"text-align: justify;\">Motif Pa‟tangke lumu‟ terdiri dari dua kata yaitu tangke artinya tangkai dan lumu&rsquo; berarti lumut. Dalam bahasa Indonesia disebut tangkai lumut memiliki nilai sosial yang harus dijaga dalam masyarakat Toraja.</p>\r\n<p style=\"text-align: justify;\">Makna motif Pa‟tangke Lumut yang tersirat dalam kain tenun bagi masyarakat Toraja yaitu menggambarkan cara-cara kehidupan masyarakat Toraja dalam memenuhi kebutuhannya atau makanannya. Masyarakat Toraja diharapkan mampu mencari makanan dengan cara yang jujur dimana saja dia berada seperti tanaman lumut yang dapat tumbuh di batu-batu. Selain itu menjadi harapan dalam keluarga ada keharmonisan saling berhubungan satu dengan lain.</p>'),
(39, 'Kain Tenun Toraja Motif Pa\'bulu Londong', 'kain-tenun-toraja-motif-pabulu-londong-39', 3, 34, 'https://gitlab.com/b6072/backend-tenunsantara/-/blob/main/weaving_data/toraja_05_tenun_toraja_motif_pa\'_bulu_londong.png', '<p style=\"text-align: justify;\"><strong>Kain Tenun Toraja Motif Pa\'bulu Londong</strong></p>\r\n<p style=\"text-align: justify;\">Pa‟bulu Londong terdiri dari kata bulu yaitu bulu dan londong artinya ayam jantan jika disatukan berarti bulu ayam jantan. Motif ini menyerupai rumbai ayam jantan. Motif ini biasanya terdapat pada bagian muka dan belakang rumah adat Toraja pada papan atas berbentuk segitiga.</p>\r\n<p style=\"text-align: justify;\">Ayam jantan di lambangkan sebagai kejantanan seorang laki-laki sebagai dimiliki seorang pemimpin dalam masyarakat. Pa‟bulu Londong melekat pada seseorang yang tokoh masyarakat (orang kesatria), yang dapat menjadi panutan bagi masyarakat Toraja.</p>\r\n<p style=\"text-align: justify;\">Makna dari motif ini yaitu: Melambangkan kepemimpinan yang arif dan bijaksana, dapat dipercaya oleh karena pintar, serta selalu mengatakan apa yang benar. Ada pepatah mengatakan: ayam dikenal karna tingkah lakunya artinya pemimpin yang bijaksana, arif akan dikenang selama-lamanya yang tingkah lakunya yang baik. Sehingga pada kain Sarita terdapat motif Pa‟ bulu Londong yang menggambarkan bahwa orang yang meninggal tersebut dahulunya semasa hidupnya merupakan seorang pemimpin (tokoh masyarakat) yang bijaksana.</p>'),
(40, 'Kain Tenun Toraja Motif Pa\'barre Allo', 'kain-tenun-toraja-motif-pabarre-allo-40', 3, 35, 'https://gitlab.com/b6072/backend-tenunsantara/-/blob/main/weaving_data/toraja_06_tenun_toraja_motif_pa\'_barre_allo.jpg', '<p style=\"text-align: justify;\"><strong>Kain Tenun Toraja Motif Pa\'barre Allo</strong></p>\r\n<p style=\"text-align: justify;\">Pa‟ Barre Allo atau biasa disebut Sang Pencipta, Berasal dari Bahasa Toraja yaitu Barre: Bulatan atau Bundaran dan Allo: Matahari. Pa&rsquo;Barre Allo berarti ukiran yang menyerupai matahari yang bersinar terang, memberi kehidupan kepada seluruh mahluk penghuni alam semesta. Ukiran ini diletakkan pada bagian rumah adat yang berbentuk segitiga dan condong ke atas yang dalam bahasa Toraja disebut Para Longa, dan di letakkan di bagian belakang dan depan Rumah adat.</p>\r\n<p style=\"text-align: justify;\">Bagi masyarakat Toraja matahari dianggap sebagai simbol sebuah kehidupan yang berasal dari Sang Pencipta memberi kehidupan kepada seluruh mahluk penghuni alam semesta, serta merupakan simbol kebesaran dan kebanggaan masyarkat Toraja sehingga motif tersebut digunakan pada kain tenun tradisional Toraja khususnya dalam kain Sarita. Masyarakat Toraja Percaya bahwa sumber kehidupan dan segala sesuatu yang ada di dunia ini berasal dari Puang Matua (Tuhan Yang Maha Esa), selain itu pemilik tongkonan mempunyai kedudukan yang tertinggi dan mulia.</p>\r\n<p style=\"text-align: justify;\">Biasanya di atas ukiran ini diletakkan ukiran pa‟bulu Londong maksudnya adalah ilmu pengetahuan dan kearifat itu bertujuan mulia memberi kehidupn bagi siapapun.</p>'),
(41, 'Kain Tenun Lurik Motif Kluwung Warna Pelangi', 'kain-tenun-lurik-motif-kluwung-warna-pelangi-41', 4, 36, 'https://gitlab.com/b6072/backend-tenunsantara/-/blob/main/weaving_data/lurik_01_kain_tenun_lurik_motif-kluwung.jpg', '<p style=\"text-align: justify;\"><strong>Kain Tenun Lurik Motif Kluwung Warna Pelangi</strong></p>\r\n<p style=\"text-align: justify;\">Kluwung adalah pelangi yang merupakan keajaiban alam dan tanda kebesaran Tuhan Sang Pencipta. Oleh sebab itu lurik corak kluwung dianggap sakral serta mempunyai tuah sebagai tolak bala. Secara simbolis, corak kluwung dilukiskan dengan garis-garis lebar beraneka warna bagaikan warna pelangi.</p>'),
(42, 'Kain Tenun Lurik Motif Tuluh Watu Warna Merah Bata', 'kain-tenun-lurik-motif-tuluh-watu-warna-merah-bata-42', 4, 37, 'https://gitlab.com/b6072/backend-tenunsantara/-/blob/main/weaving_data/lurik_02_kain_tenun_lurik_motif-tuluh_watu_merah_bata.jpg', '<p style=\"text-align: justify;\"><strong>Kain Tenun Lurik Motif Tuluh Watu Warna Merah Bata</strong></p>\r\n<p style=\"text-align: justify;\">Tuluh Watu berarti &lsquo;batu yang bersinar&rsquo; dan dianggap bertuah sebagai penolak bala. Motif ini biasanya dipergunakan pada upacara Ruwatan Sukerta dan sebagai pelengkap sesajen upacara Labuhan. Tuluh dapat berarti pula kuat atau perkasa.</p>'),
(43, 'Kain Tenun Lurik Motif Tumber Pecah', 'kain-tenun-lurik-motif-tumber-pecah-43', 4, 38, 'https://gitlab.com/b6072/backend-tenunsantara/-/blob/main/weaving_data/lurik_03_kain_tenun_lurik_motif_tumber_pecah.jpg', '<p style=\"text-align: justify;\"><strong>Kain Tenun Lurik Motif Tumber Pecah</strong></p>\r\n<p style=\"text-align: justify;\">Motif Tumbar Pecah diibaratkan orang memecah ketumbar dan seharum aroma ketumbar. Motif ini digunakan untuk upacara tingkeban atau mitoni dengan maksud agar kelahiran berjalan dengan lancar semudah memecah ketumbar, ibu dan anak dalam keadaan selamat dan kelak anak menjadi anak yang berguna dan harum namanya.</p>'),
(44, 'Kain Tenun Lurik Motif Sapit Urang Warna Merah Ung', 'kain-tenun-lurik-motif-sapit-urang-warna-merah-ung-44', 4, 39, 'https://gitlab.com/b6072/backend-tenunsantara/-/blob/main/weaving_data/lurik_04_kain_tenun_lurik_motif_sapit_urang_warna_merah_ungu.jpg', '<p style=\"text-align: justify;\"><strong>Kain Tenun Lurik Motif Sapit Urang Warna Merah Ungu</strong></p>\r\n<p style=\"text-align: justify;\">Motif sapit urang yang berarti jepit udang adalah ungkapan simbolis suatu siasat perang, yaitu musuh dikelilingi atau dikepung dari samping dengan kekuatan komando serangan berpusat di tengah. Motif ini umumnya dipakai sebagai busana prajurit keraton.</p>'),
(45, 'Kain Tenun Lurik Motif Udan Liris Hujan Rintik-rin', 'kain-tenun-lurik-motif-udan-liris-hujan-rintik-rin-45', 4, 40, 'https://gitlab.com/b6072/backend-tenunsantara/-/blob/main/weaving_data/lurik_06_kain_tenun_lurik_motif_udan_liris.jpg', '<p style=\"text-align: justify;\"><strong>Kain Tenun Lurik Motif Udan Liris Hujan Rintik-rintik</strong></p>\r\n<p style=\"text-align: justify;\">Motif udan liris artinya hujan gerimis. Karena hujan mengandung konotasi mendatangkan kesuburan, maka motif ini merupakan lambang kesuburan dan kesejahteraan.</p>\r\n<p style=\"text-align: justify;\">Meskipun motif dasar kain tenun lurik hanya berupa garis-garis, namun kain tersebut menjadi kekayaan budaya yang penting bagi masyarakat Jawa. Kain lurik dan pesan yang terdapat di dalamnya diharapkan lestari hingga generasi mendatang.</p>'),
(46, 'Kain Tenun Lurik Motif Lanjuran Warna Hitam Hijau', 'kain-tenun-lurik-motif-lanjuran-warna-hitam-hijau-46', 4, 41, 'https://gitlab.com/b6072/backend-tenunsantara/-/blob/main/weaving_data/lurik_07_kain_tenun_lurik_lanjuran_hitam_hijau.jpg', '<p style=\"text-align: justify;\"><strong>Kain Tenun Lurik Motif Lanjuran Warna Hitam Hijau</strong></p>\r\n<p style=\"text-align: justify;\">Kata Lurik atau lorek sendiri diambil dari bahasa jawa yang berarti lajur, lurus, belang atau garis. Kain tenun lurik pada dasarnya memiliki tiga motif dasar yaitu motif lajuran dengan corak garis-garis panjang searah dengan helai kain</p>'),
(53, 'Kain Tenun Sumba Motif Ayam', 'kain-tenun-sumba-motif-ayam-53', 5, 42, 'https://gitlab.com/b6072/backend-tenunsantara/-/blob/main/weaving_data/sumba_01_kain_tenun_sumba_motif_ayam.png', '<p style=\"text-align: justify;\"><a href=\"https://id.wikipedia.org/wiki/Tenun_Ikat_Sumba\"><strong>Kain Sumba Motif Ayam</strong></a></p>\r\n<p style=\"text-align: justify;\">Kain Sumba dengan motif gambar ayam merupakan salah satu motif kain yang biasa ditemukan di Kabupaten Sumba Timur. Motif ini merupakan motif ayam jantan, yang melambangkan tanda kesadaran (karena ayam selalu berkokok setiap pagi membangunkan manusia) , kehidupan, serta pemimpin yang bersifat melindungi.</p>'),
(54, 'Kain Tenun Ikat Sumba Motif Kuda', 'kain-tenun-ikat-sumba-motif-kuda-54', 5, 43, 'https://gitlab.com/b6072/backend-tenunsantara/-/blob/main/weaving_data/sumba_02_kain_tenun_ikat_sumba_motif_kuda.jpg', '<p style=\"text-align: justify;\"><a href=\"https://id.wikipedia.org/wiki/Tenun_Ikat_Sumba\"><strong>Kain Sumba Motif Kuda</strong></a></p>\r\n<p style=\"text-align: justify;\">Kain Sumba Motif Kuda merupkan salah satu motif kain yang berasal dari Kabupaten Sumba Timur. Kuda merupakan salah satu hewan yang sering digunakan oleh masyarakat Pulau Sumba sebagai &ldquo;kendaraan&rdquo; , dan kuda juga melambangkan sebuah kejantanan, keberanian juga ketangkasan.Motif Kain kuda merupakan motif yang diminati oleh para wisatawan, dan motif kain kuda juga banyak di jual di pasar pasar tradisional.</p>'),
(55, 'Kain Tenun Sumba Blanket Biru Motif Rusa', 'kain-tenun-sumba-blanket-biru-motif-rusa-55', 5, 44, 'https://gitlab.com/b6072/backend-tenunsantara/-/blob/main/weaving_data/sumba_03_kain_tenun_sumba_blanket_biru_motif_rusa_.jpg', '<p style=\"text-align: justify;\"><a href=\"https://id.wikipedia.org/wiki/Tenun_Ikat_Sumba\"><strong>Kain Sumba Motif Rusa</strong></a></p>\r\n<p style=\"text-align: justify;\">Kain Sumba Motif Rusa merupakan motif kain khas Kabupaten Sumba Timur, dan motif kain ini melambangkan kebijaksanaan pemimpin yang diharapkan bisa membawa kesejahteraan bagi masyarakatnya, serta dapat mengatasi permasalah yang terjadi dalam masyarakat.</p>'),
(56, 'Kain Tenun Sumba Timur Motif Manusia Blanket Cokla', 'kain-tenun-sumba-timur-motif-manusia-blanket-cokla-56', 5, 45, 'https://gitlab.com/b6072/backend-tenunsantara/-/blob/main/weaving_data/sumba_04_kain_tenun_sumba_timur_motif_manusia-blanket_coklat.jpg', '<p style=\"text-align: justify;\"><strong><a href=\"https://id.wikipedia.org/wiki/Tenun_Ikat_Sumba\">Kain Sumba Motif Manusia</a></strong></p>\r\n<p style=\"text-align: justify;\">Kain khas Sumba dengan motif manusia juga salah satu motif kain yang berasal dari Kabupaten Sumba Timur. Motif ini melambangkan manusia yang polos, ketakutan , dan juga kesendirian , namun motif ini juga berfungsi untuk menolak kejahatan. Karena tenunannya yang bagus, membuat kain yang satu ini menjadi salah satu kain favorit dan paling dicari wisatawan. Di banderol dengan harga sekitar Rp 1.000.000, kain ini bisa menjadi kenang kenangan saat kamu berlibur di Kabupaten Sumba Timur.</p>'),
(57, 'Kain Sarung Tenun Sumba Motif Mamuli', 'kain-sarung-tenun-sumba-motif-mamuli-57', 5, 46, 'https://gitlab.com/b6072/backend-tenunsantara/-/blob/main/weaving_data/sumba_05_kain_sarung_tenun_sumba_motif_mamuli.jpg', '<p style=\"text-align: justify;\"><a href=\"https://id.wikipedia.org/wiki/Tenun_Ikat_Sumba\"><strong>Kain Sumba Motif Mamuli</strong></a></p>\r\n<p style=\"text-align: justify;\">Kain Sumba dengan motif Mamuli&nbsp; merupakan salah satu motif&nbsp; kain yang ada di Kabupaten Sumba Barat, dan motif ini biasa digunakan oleh wanita di Kabupaten Sumba Barat sebagai lambang wanita yang maskulin serta wanita yang feminim.</p>'),
(58, 'Kain Sumba Motif Garis Warna Hitam Kuning', 'kain-sumba-motif-garis-warna-hitam-kuning-58', 5, 47, 'https://gitlab.com/b6072/backend-tenunsantara/-/blob/main/weaving_data/sumba_06_kain_sumba_motif%20_garis.png', '<p style=\"text-align: justify;\"><strong><a href=\"https://id.wikipedia.org/wiki/Tenun_Ikat_Sumba\">Kain Sumba Motif Garis</a></strong></p>\r\n<p style=\"text-align: justify;\">Kain Sumba Motif Garis juga merupakan kain khas Sumba Barat, dan yang membedakan dengan motif Mamuli adalah Motif Kain Garis digunakan untuk para pria. &nbsp;Kain ini juga digunakan untuk pria saat melaksanakan tradisi Belis (seserahan).Kain Sumba dengan motif Mamuli&nbsp; merupakan salah satu motif&nbsp; kain yang ada di Kabupaten Sumba Barat, dan motif ini biasa digunakan oleh wanita di Kabupaten Sumba Barat sebagai lambang wanita yang maskulin serta wanita yang feminim.</p>');

-- --------------------------------------------------------

--
-- Struktur dari tabel `weaving`
--

CREATE TABLE `weaving` (
  `id` int(11) NOT NULL,
  `weaving_name` varchar(50) NOT NULL,
  `weaving_slug` varchar(50) NOT NULL,
  `weaving_etnik` varchar(10) NOT NULL,
  `weaving_desc` text NOT NULL
) ENGINE=InnoDB DEFAULT CHARSET=utf8mb4;

--
-- Dumping data untuk tabel `weaving`
--

INSERT INTO `weaving` (`id`, `weaving_name`, `weaving_slug`, `weaving_etnik`, `weaving_desc`) VALUES
(1, 'Ulos', 'tenun-ulos', 'Batak', '<p style=\\\"text-align: justify;\\\"><strong>Ulos</strong>&nbsp;atau sering juga disebut&nbsp;<strong>kain ulos</strong>&nbsp;adalah salah satu busana khas Indonesia. Ulos secara turun temurun dikembangkan oleh masyarakat&nbsp;<a class=\\\"mw-disambig\\\" title=\\\"Batak\\\" href=\\\"https://id.wikipedia.org/wiki/Batak\\\">Batak</a>,&nbsp;<a title=\\\"Sumatra Utara\\\" href=\\\"https://id.wikipedia.org/wiki/Sumatra_Utara\\\">Sumatra Utara</a>. Dari bahasa asalnya, ulos berarti&nbsp;<a class=\\\"mw-disambig\\\" title=\\\"Kain\\\" href=\\\"https://id.wikipedia.org/wiki/Kain\\\">kain</a>. Cara membuat ulos serupa dengan cara membuat&nbsp;<a title=\\\"Songket\\\" href=\\\"https://id.wikipedia.org/wiki/Songket\\\">songket</a>&nbsp;khas&nbsp;<a class=\\\"mw-redirect\\\" title=\\\"Palembang\\\" href=\\\"https://id.wikipedia.org/wiki/Palembang\\\">Palembang</a>, yaitu menggunakan&nbsp;<a title=\\\"Alat tenun bukan mesin\\\" href=\\\"https://id.wikipedia.org/wiki/Alat_tenun_bukan_mesin\\\">alat tenun bukan mesin</a>.</p></br></br><p style=\\\"text-align: justify;\\\">Warna dominan pada ulos adalah&nbsp;<a title=\\\"Merah\\\" href=\\\"https://id.wikipedia.org/wiki/Merah\\\">merah</a>,&nbsp;<a title=\\\"Hitam\\\" href=\\\"https://id.wikipedia.org/wiki/Hitam\\\">hitam</a>, dan&nbsp;<a title=\\\"Putih\\\" href=\\\"https://id.wikipedia.org/wiki/Putih\\\">putih</a>&nbsp;yang dihiasi oleh ragam tenunan dari&nbsp;<a title=\\\"Benang\\\" href=\\\"https://id.wikipedia.org/wiki/Benang\\\">benang</a>&nbsp;emas atau perak. Mulanya ulos dikenakan di dalam bentuk&nbsp;<a title=\\\"Selendang\\\" href=\\\"https://id.wikipedia.org/wiki/Selendang\\\">selendang</a>&nbsp;atau&nbsp;<a title=\\\"Sarung\\\" href=\\\"https://id.wikipedia.org/wiki/Sarung\\\">sarung</a>&nbsp;saja, kerap digunakan pada perhelatan resmi atau upacara adat Batak, tetapi kini banyak dijumpai di dalam bentuk produk suvenir, sarung bantal,&nbsp;<a title=\\\"Ikat pinggang\\\" href=\\\"https://id.wikipedia.org/wiki/Ikat_pinggang\\\">ikat pinggang</a>,&nbsp;<a title=\\\"Tas\\\" href=\\\"https://id.wikipedia.org/wiki/Tas\\\">tas</a>,&nbsp;<a title=\\\"Pakaian\\\" href=\\\"https://id.wikipedia.org/wiki/Pakaian\\\">pakaian</a>, alas meja,&nbsp;<a title=\\\"Dasi\\\" href=\\\"https://id.wikipedia.org/wiki/Dasi\\\">dasi</a>,&nbsp;<a title=\\\"Dompet\\\" href=\\\"https://id.wikipedia.org/wiki/Dompet\\\">dompet</a>, dan&nbsp;<a class=\\\"mw-redirect\\\" title=\\\"Gorden\\\" href=\\\"https://id.wikipedia.org/wiki/Gorden\\\">gorden</a>.</p>'),
(2, 'Gringsing', 'tenun-gringsing', 'Bali Aga', '<p style=\"text-align: justify;\"><strong>Kain gringsing</strong>&nbsp;adalah satu-satunya kain tenun tradisional Indonesia yang dibuat menggunakan teknik teknik dobel ikat dan memerlukan waktu 2-5 tahun. Kain ini berasal dari&nbsp;<a class=\"mw-redirect\" title=\"Tenganan\" href=\"https://id.wikipedia.org/wiki/Tenganan\">Desa Tenganan</a>,&nbsp;<a title=\"Bali\" href=\"https://id.wikipedia.org/wiki/Bali\">Bali</a>. Umumnya, masyarakat Tenganan memiliki kain gringsing berusia ratusan tahun yang digunakan dalam upacara khusus. Kata gringsing berasal dari&nbsp;<em>gring</em>&nbsp;yang berarti \'sakit\' dan&nbsp;<em>sing</em>&nbsp;yang berarti \'tidak\', sehingga bila digabungkan menjadi \'tidak sakit\'. Maksud yang terkandung di dalam kata tersebut adalah seperti penolak bala. Di Bali, berbagai upacara, seperti upacara&nbsp;<a title=\"Potong gigi\" href=\"https://id.wikipedia.org/wiki/Potong_gigi\">potong gigi</a>, pernikahan, dan upacara keagamaan lain, dilakukan dengan bersandar pada kekuatan kain gringsing.</p>\r\n<p style=\"text-align: justify;\">Tenun gringsing ini menggambarkan tentang sistem keseimbangan yaitu tentang hubungan manusia dengan manusia, manusia dengan alam, dan manusia dengan Tuhan. Dewa indra yang selalu dipuja oleh masyarakat Tenganan Pagringsingan Karangasem Bali di hormati dengan sebuah ritus perang pandan, rasa sakit seolah sirna oleh gringsing yang selalu membalut tubuh. Gringsing dipercaya dapat terhindar dari penyakit.Lebih kompleks lagi gringsing adalah penolak mara bahaya.</p>'),
(3, 'Toraja', 'tenun-toraja', 'Toraja', '<p style=\"text-align: justify;\"><a href=\"https://id.wikipedia.org/wiki/Suku_Toraja\"><strong>Kain Khas Toraja</strong></a></p>\r\n<p style=\"text-align: justify;\">Warna alam dan motif yang khas, membuat kain khas Toraja sebagai salah satu tenun yang banyak dicari. Salah satu yang membuat kain ini menarik adalah keahlian membuat kain tenun ini diwariskan atau diturunkan dari generasi ke generasi. Hingga kini, kain khas Toraja merupakan salah satu kerajinan tangan yang keberadaannya terus dilestarikan dan dikembangkan. Setiap motif akan menggambarkan makna tersendiri yang dipakai sesuai dengan fungsi dan tujuan, baik itu upacara pernikahan atau upacara kematian.</p>'),
(4, 'Lurik', 'tenun-lurik', 'Jawa', '<p style=\"text-align: justify;\"><strong><a href=\"https://id.wikipedia.org/wiki/Lurik\">Lurik</a></strong> adalah kain dengan motif bergaris-garis kecil yang secara tradisional menjadi pakaian khas warga pria pedesaan di kalangan suku bangsa Jawa. Lurik yang berbahan dasar katun kasar memiliki harga yang relatif murah dan terjangkau untuk masyarakat kurang mampu. Lurik adalah bahan dasar untuk pembuatan surjan.</p>\r\n<p style=\"text-align: justify;\">Dalam perkembangan modern, lurik sekarang mendapat sentuhan warna-warna baru, sehingga dapat pula dipakai sebagai bahan kemeja atau sebagai komponen estetika pada rompi atau jas.</p>\r\n<p style=\"text-align: justify;\">Menurut <a href=\"https://id.wikipedia.org/wiki/Ensiklopedi_Nasional_Indonesia\">Ensiklopedi Nasional Indonesia</a> (1997), lurik diperkirakan berasal dari daerah pedesaan di Jawa. Lurik pada masa itu dibuat dalam bentuk sehelai selendang. Fungsi sebagai penutup dada perempuan (<a href=\"https://id.wikipedia.org/wiki/Kemban_(pakaian_tradisional)\">kemben</a>) dan alat untuk menggendong sesuatu dengan cara mengikatkannya pada tubuh. Penggunaan lurik kemudian berkembang. Tidak hanya menjadi milik rakyat, tetapi juga dipakai di lingkungan <a href=\"https://id.wikipedia.org/wiki/Keraton\">keraton</a>.</p>\r\n<p style=\"text-align: justify;\">Penampakan kain lurik terdapat di Candi Borobudur. Dalam salah satu relief, digambarkan sesorang sedang menenun dengan alat tenun gendong. Prasasti Raja Erlangga dari Jawa Timur pada tahun 1033 menyebut kain Tuluh Watu sebagai salah satu nama kain lurik.</p>\r\n<p style=\"text-align: justify;\">Diduga, karya tenun lurik sudah populer di kalangan masyarakat zaman Kerajaan <a href=\"https://id.wikipedia.org/wiki/Majapahit\">Majapahit</a>. Hal ini dapat dilihat dari cerita <a href=\"https://id.wikipedia.org/wiki/Wayang_beber\">Wayang Beber</a> yang menggambarkan seorang kesatria melamar seorang putri raja dengan alat tenun gendong sebagai mas kawinnya.</p>'),
(5, 'Sumba', 'tenun-ikat-sumba', 'Sumba', '<p style=\"text-align: justify;\"><a href=\"https://id.wikipedia.org/wiki/Tenun_Ikat_Sumba\"><strong>Kain Tenun Sumba</strong></a> baik itu sumba timur maupun bumba barat lahir dari kekayaan alam Sumba.</p>\r\n<p style=\"text-align: justify;\">Pewarnaan kain Sumba yang menggunakan bahan alami seperti akar mengkudu, serat kayu hingga lumpur serta pemilihan motif yang unik merepresentasikan budaya Sumba yang spesial.</p>\r\n<p style=\"text-align: justify;\">Adapun latar belakang salah satu corak tenun ikat dan songket/Pahikung SUMBA timur adalah keinginan untuk memilihara hubungan baik antara manusia dengan arwah leluhur.</p>\r\n<p style=\"text-align: justify;\">Salah satu adat pada suku pra sejarah yang mempercayai bahwa orang yang sudah meninggal atau mati tetap berpengaruh pada anggota keluarga yang ditinggalkan.</p>\r\n<p style=\"text-align: justify;\">Jenis dan corak kain itu sudah lama terkenal karena unik berdasarkan bahan yang digunakan, motif dan proses pembuatan yang memerlukan waktu relatif lama, yakni 4 sampai 6 bulan untuk sehelai kain tenun berukuran lebar. Pulau Sumba sendiri sangat indah dan terkenal di dunia sebagai salah satu pulau terindah. Tetapi tentang keindahan pulau itu merupakan penilain tahun 2000-an, sedangkan daya pikat tenun ikat tradisional terkenal sejak berabad-abad yang lalu, dan terus dijaga oleh para wanita Sumba. Mereka menangani seluruh proses tenun ikat mulai dari memilih motif, mempersiapkan bahan-bahan (benang, pewarna), proses penenunan sampai menghasilkan selembar kain.</p>\r\n<p style=\"text-align: justify;\">Satu lembar kain lebar memerlukan 42 langkah. Persiapan dan proses pembuatan yang sekian lama membuat harga kain tenun menjadi relatif mahal. Mahalnya harga kain tenun ikat Sumba dipengaruhi juga oleh jumlah orang yang bekerja, yaitu satu helai tenun ikat Sumba biasa dikerjakan oleh 3 sampai 10 orang. Ada orang yang mencari bahan, memintal benang, mewarnai benang, menenun, dan juga membuat motif. Sehingga 42 proses penyelesaian satu helai kain tenun bukanlah angka mengada-ada. Pekerjaan dimulai dari proses lamihi, yaitu proses memisahkan biji dari kapas hingga proses wari rumata atau proses penyelesaian.</p>');

-- --------------------------------------------------------

--
-- Struktur dari tabel `weaving_category`
--

CREATE TABLE `weaving_category` (
  `id` int(11) NOT NULL,
  `name` varchar(50) NOT NULL,
  `weaving_category_slug` varchar(50) NOT NULL,
  `weaving_id` int(11) NOT NULL,
  `desc` text NOT NULL
) ENGINE=InnoDB DEFAULT CHARSET=utf8mb4;

--
-- Dumping data untuk tabel `weaving_category`
--

INSERT INTO `weaving_category` (`id`, `name`, `weaving_category_slug`, `weaving_id`, `desc`) VALUES
(1, 'Bintang Maratur', 'bintang-maratur', 1, '<p style=\"text-align: justify;\"><a href=\"https://id.wikipedia.org/wiki/Ulos\"><strong>Ulos Bintang Maratur</strong></a>&nbsp;merupakan Ulos yang paling banyak kegunaannya di dalam acara-acara adat Batak Toba, beberapa di antaranya yakni:</p>\n<ul>\n<li style=\"text-align: justify;\">Kepada anak yang memasuki rumah baru. Memiliki rumah baru (milik Sendiri) adalah merupakan suatu kebanggaan terbesar bagi masyarakat Batak Toba. Keberhasilan membangun atau memiliki rumah baru dianggap sebagai salah satu bentuk keberhasilan atau prestasi tersendiri yang tak ternilai harganya. Tingginya penghargaan kepada orang yang telah berhasil membangun dan memiliki rumah baru adalah karena keberhasilan tersebut dianggap merupakan suatu berkat dari Tuhan yang maha Esa yang disertai dengan adanya usaha dan kerja keras yang bersangkutan di dalam menjalani kehidupan. Keberhasilan membangun atau memiliki rumah baru adalah merupakan situasi yang sangat menggembirakan, oleh karena itu ulos ini akan diberikan kepada orang yang sedang berada dalam suasana bergembira. Orang batak yang tinggal dan menetap di berbagai puak/horja di sekitar Tapanuli telah memiliki adat dan kebiasaan yang berbeda pula. Walaupun konsep dan pemahaman tentang adat itu secara umum adalah sama, tetapi pada hal-hal tertentu adakalanya memiliki perbedaan dalam hal pemaknaan terhadap nilai dan konsep adat yang ada sejak turun-temurun. Oleh karena itu pemberian Ulos Bintang Maratur khusus di daerah Silindung diberikan kepada orang yang sedang bergembira dalam hal ini sewaktu menempati atau meresmikan rumah baru.</li>\n<li style=\"text-align: justify;\">Secara khusus di daerah Toba Ulos ini diberikan waktu acara selamatan Hamil 7 Bulan yang diberikan oleh pihak hulahula kepada anaknya. Ulos ini juga diberikan kepada Pahompu (cucu) yang baru lahir sebagai Parompa (gendongan) yang memiliki arti dan makna agar anak yang baru lahir itu diiringi kelahiran anak yang selanjutnya, kemudian ulos ini juga diberikan untuk pahompu (cucu) yang baru mendapat baptisan di gereja dan juga bisa dipakai sebagai selendang.</li>\n</ul>'),
(2, 'Mangiring', 'mangiring', 1, '<p style=\"text-align: justify;\"><a href=\"https://id.wikipedia.org/wiki/Ulos\"><strong>Ulos Mangiring</strong></a> dipakai sebagai selendang, Talitali, juga Ulos ini diberikan kepada anak cucu yang baru lahir terutama anak pertama yang memiliki maksud dan tujuan sekaligus sebagai Simbol besarnya keinginan agar si anak yang lahir baru kelak diiringi kelahiran anak yang seterusnya, Ulos ini juga dapat dipergunakan sebagai Parompa (alat gendong) untuk anak.</p>'),
(3, 'Antakantak', 'antakantak', 1, '<p style=\"text-align: justify;\"><a href=\"https://id.wikipedia.org/wiki/Ulos\"><strong>Ulos Antakantak</strong></a> dipakai sebagai selendang orang tua untuk melayat orang yang meninggal, selain itu ulos tersebut juga dipakai sebagai kain yang dililit pada waktu acara manortor (menari).</p>'),
(4, 'Bolean', 'bolean', 1, '<p style=\"text-align: justify;\"><a href=\"https://id.wikipedia.org/wiki/Ulos\"><strong>Ulos Bolean</strong></a>&nbsp;biasanya dipakai sebagai selendang pada acara-acara kedukaan.</p>'),
(5, 'Padang Ursa', 'padang-ursa', 1, '<p style=\"text-align: justify;\"><a href=\"https://id.wikipedia.org/wiki/Ulos\"><strong>Ulos Padang Ursa</strong></a> dipakai sebagai Talitali dan Selendang.</p>'),
(6, 'Pinan Lobu-lobu', 'pinan-lobu-lobu', 1, '<p style=\"text-align: justify;\"><a href=\"https://id.wikipedia.org/wiki/Ulos\"><strong>Ulos Pinan Lobu-lobu</strong></a> dipakai sebagai Talitali dan Selendang.</p>'),
(7, 'Pinuncaan', 'pinuncaan', 1, '<p style=\"text-align: justify;\"><a href=\"https://id.wikipedia.org/wiki/Ulos\"><strong>Ulos Pinuncaan</strong></a>&nbsp;ini terdiri dari lima bagian yang ditenun secara terpisah yang kemudian disatukan dengan rapi hingga menjadi bentuk satu Ulos. Kegunaannya antara lain:</p>\n<ul>\n<li style=\"text-align: justify;\">Dipakai dalam berbagai keperluan acara-acara dukacita maupun sukacita, dalam acara adat ulos ini dipakai/disandang oleh Raja-raja Adat.</li>\n<li style=\"text-align: justify;\">Dipakai oleh Rakyat Biasa selama memenuhi beberapa pedoman misalnya, pada pesta perkawinan atau upacara adat dipakai oleh suhut sihabolonon/ Hasuhuton (tuan rumah).</li>\n<li style=\"text-align: justify;\">Kemudian pada waktu pesta besar dalam acara marpaniaran (kelompok istri dari golongan&nbsp;<em>hulahula</em>), ulos ini juga dipakai/dililit sebagai kain/<em>hohophohop</em>&nbsp;oleh keluarga&nbsp;<em>hasuhuton</em>&nbsp;(tuan rumah).</li>\n<li style=\"text-align: justify;\">Ulos ini juga berfungsi sebagai Ulos Passamot pada acara Perkawinan. Ulos Passamot diberikan oleh Orang tua pengantin perempuan (Hulahula) kepada kedua orang tua pengantin dari pihak laki-laki (pangoli). Sebagai pertanda bahwa mereka telah sah menjadi saudara dekat.</li>\n</ul>'),
(8, 'Ragi Hotang', 'ragi-hotang', 1, '<p style=\"text-align: justify;\"><a href=\"https://id.wikipedia.org/wiki/Ulos\"><strong>Ulos Ragi Hotang</strong></a> Ulos ini diberikan kepada sepasang pengantin yang sedang melaksanakan pesta adat yang disebut dengan nama Ulos Hela. Pemberian ulos Hela memiliki makna bahwa orang tua pengantin perempuan telah menyetujui putrinya dipersunting atau diperistri oleh laki-laki yang telah disebut sebagai &ldquo;Hela&rdquo; (menantu). Pemberian ulos ini selalu disertai dengan memberikan mandar Hela (Sarung Menantu) yang menunjukkan bahwa laki-laki tersebut tidak boleh lagi berperilaku layaknya seorang laki-laki lajang tetapi harus berperilaku sebagai orang tua. Dan sarung tersebut dipakai dan dibawa untuk kegiatan-kegiatan adat.</p>'),
(9, 'Ragi Huting', 'ragi-huting', 1, '<p style=\"text-align: justify;\"><a href=\"https://id.wikipedia.org/wiki/Ulos\"><strong>Ulos Ragi Huting</strong></a>, Ulos ini sekarang sudah Jarang dipakai, konon pada zaman dulu sebelum Indonesia merdeka, anak perempuan (gadis-gadis) memakai Ulos Ragi Huting ini sebagai pakaian sehari-hari yang dililitkan di dada (Hobahoba) yang menunjukkan bahwa yang bersangkutan adalah seorang putri (gadis perawan) batak Toba yang beradat.</p>'),
(10, 'Sibolang Rasta Pamontari', 'sibolang-rasta-pamontari', 1, '<p style=\"text-align: justify;\"><a href=\"https://id.wikipedia.org/wiki/Ulos\"><strong>Ulos Sibolang Rasta Pamontari</strong></a> dipakai untuk keperluan duka dan sukacita, tetapi pada zaman sekarang, Ulos Sibolang bisa dikatakan sebagai simbol dukacita, yang di pakai sebagai Ulos Saput (orang dewasa yang meninggal tetapi belum punya cucu), dan dipakai juga sebagai Ulos Tujung untuk Janda dan Duda dengan kata lain kepada laki-laki yang ditinggal mati oleh istri dan kepada perempuan yang ditinggal mati oleh suaminya. Apabila pada peristiwa dukacita ulos ini dipergunakan maka hal itu menunjukkan bahwa yang bersangkutan adalah sebagai keluarga dekat dari orang yang meninggal.</p>'),
(11, 'Si Bunga Umbasang', 'si-bunga-umbasang', 1, '<p style=\"text-align: justify;\"><a href=\"https://id.wikipedia.org/wiki/Ulos\"><strong>Ulos Si Bunga Umbasang dan Ulos Simpar</strong></a>, Secara umum ulos ini hanya berfungsi dan dipakai sebagai Selendang bagi para ibu-ibu sewaktu mengikuti pelaksanaan segala jenis acara adat-istiadat yang kehadirannya sebatas undangan biasa yang di sebut sebagai Panoropi (yang meramaikan) .</p>'),
(12, 'Simpar', 'simpar', 1, '<p style=\"text-align: justify;\"><a href=\"https://id.wikipedia.org/wiki/Ulos\"><strong>Ulos Si Bunga Umbasang dan Ulos Simpar</strong></a>, Secara umum ulos ini hanya berfungsi dan dipakai sebagai Selendang bagi para ibu-ibu sewaktu mengikuti pelaksanaan segala jenis acara adat-istiadat yang kehadirannya sebatas undangan biasa yang di sebut sebagai Panoropi (yang meramaikan) .</p>'),
(13, 'Sitolu Tuho', 'sitolu-tuho', 1, '<p style=\"text-align: justify;\"><a href=\"https://id.wikipedia.org/wiki/Ulos\"><strong>Ulos Sitolu Tuho</strong></a>&nbsp;difungsikan atau dipakai sebagai ikat kepala atau selendang.</p>'),
(14, 'Suri-suri Ganjang', 'suri-suri-ganjang', 1, '<p style=\"text-align: justify;\"><a href=\"https://id.wikipedia.org/wiki/Ulos\"><strong>Ulos Suri-suri Ganjang</strong></a>,&nbsp;dipakai sebagai Hande-hande (selendang) pada waktu margondang (menari dengan alunanan musik Batak) dan juga dipergunakan oleh pihak Hulahula (orang tua dari pihak istri) untuk manggabei (memberikan berkat) kepada pihak borunya (keturunannya) karena itu disebut juga Ulos gabegabe (berkat).</p>'),
(15, 'Simarinjam sisi', 'simarinjam-sisi', 1, '<p style=\"text-align: justify;\"><a href=\"https://id.wikipedia.org/wiki/Ulos\"><strong>Ulos Simarinjam sisi</strong></a> dipakai dan difungsikan sebagai kain, dan juga dilengkapi dengan Ulos Pinunca yang disandang dengan perlengkapan adat Batak sebagai Panjoloani (mendahului di depan). Yang memakai ulos ini adalah satu orang yang berada paling depan.</p>'),
(16, 'Ragi Pakko', 'ragi-pakko', 1, '<p style=\"text-align: justify;\">Pada zaman dahulu dipakai sebagai selimut bagi keluarga yang berasal dari golongan keluarga kaya, dan itu jugalah apabila nanti setelah tua dan meninggal akan disaput (diselimutkan, dibentangkan kepada jasad) dengan ulos yang pakai Ragi di tambah Ulos lainnya yang disebut Ragi Pakko karena memang warnanya hitam seperti Pakko.</p>'),
(17, 'Ulos Harangan', 'ulos-harangan', 1, '<p style=\"text-align: justify;\">Pada zaman dahulu dipakai sebagai selimut bagi keluarga yang berasal dari golongan keluarga kaya, dan itu jugalah apabila nanti setelah tua dan meninggal akan disaput (diselimutkan, dibentangkan kepada jasad) dengan ulos yang pakai Ragi di tambah Ulos lainnya yang disebut Ragi Pakko karena memang warnanya hitam seperti Pakko.</p>'),
(18, 'Tumtuman', 'tumtuman', 1, '<p style=\"text-align: justify;\"><strong><a href=\"https://id.wikipedia.org/wiki/Ulos\">Ulos Tumtuman</a></strong> dipakai sebagai talitali yang bermotif dan dipakai oleh anak yang menunjukkan bahwa yang bersangkutan adalah anak pertama dari hasuhutan (tuan rumah).</p>'),
(19, 'Tutur-Tutur', 'tutur-Tutur', 1, '<p style=\"text-align: justify;\"><a href=\"https://id.wikipedia.org/wiki/Ulos\"><strong>Ulos Tutur-Tutur</strong></a>&nbsp;dipakai sebagai talitali (ikat kepala) dan sebagai Handehande (selendang) yang diberikan oleh orang tua kepada anak-anaknya (keturunannya).</p>'),
(20, 'Lubeng', 'lubeng', 2, '<p style=\"text-align: justify;\"><a href=\"https://id.wikipedia.org/wiki/Kain_gringsing\"><strong>Motif Lubeng</strong></a> elembar kain tenun yang mempunyai motif menyerupai bintang di langit, berwarna merah, hitam, dan putih, serta didampingi dengan motif kalajengking yang menyimbulkan empat arah mata angin yang dijaga oleh kalajengking. Motif ini adalah motif yang menjadi dasar lambang atau simbol desa Tenganan Pagringsingan. Motif ini mempunyai makna yaitu bahwa di Desa Tenganan Pagringsingan ini ada empat pintu masuk dari segala arah. Kepercayaan orang Desa Tenganan Pagringsingan sendiri tentang motif ini adalah jika sesuatu yang buruk datang dari arah Timur maka akan hilang ke arah Barat dan sebaliknya.</p>'),
(21, 'Cecempaka', 'cecempaka', 2, '<p style=\"text-align: justify;\"><strong>Motif Cecempaka</strong> dicirikan dengan bentuk bunga cempaka dan berfungsi sebagai pakaian adat dan upacara keagamaan. Jenis-jenis Gringsing Cecempakaan adalah Cecempakaan Petang Dasa (ukuran empat puluh), Cecempakaan Putri, dan Geringsing Cecempakaan Pat Likur (ukuran 24 benang).</p>'),
(22, 'Wayang Putri', 'wayang-putri', 2, '<p style=\"text-align: justify;\">Kain <a href=\"https://id.wikipedia.org/wiki/Kain_gringsing\">Gringsing Wayang </a> terdiri dari kain <strong>Gringsing Wayang Kebo</strong> dan Kain <strong>Gringsing Wayang Putri</strong>. Motif ini paling sulit dikerjakan dan memerlukan waktu pembuatan hingga lima tahun. Motif wayang hanya terdiri dari dua warna, yaitu hitam dan putih. Untuk menciptakan garis putih yang membentuk wayang di perlukan ketelitian tinggi karena tingkat kesulitan selama proses pengikatan dan penenunan kain relatif sulit. Wayang Kebo memiliki motif wayang laki&ndash;laki dan Wayang Putri memiliki motif Wayang Putri.</p>'),
(23, 'Wayang Kebo', 'wayang-kebo', 2, '<p style=\"text-align: justify;\">Kain <a href=\"https://epaper.mediaindonesia.com/detail/kain-gringsing-tenganan-warisan-budaya-kuno-terus-terjaga\">Gringsing Wayang </a> terdiri dari kain <strong>Gringsing Wayang Kebo</strong> dan Kain <strong>Gringsing Wayang Putri</strong>. Motif ini paling sulit dikerjakan dan memerlukan waktu pembuatan hingga lima tahun. Motif wayang hanya terdiri dari dua warna, yaitu hitam dan putih. Untuk menciptakan garis putih yang membentuk wayang di perlukan ketelitian tinggi karena tingkat kesulitan selama proses pengikatan dan penenunan kain relatif sulit. Wayang Kebo memiliki motif wayang laki&ndash;laki dan Wayang Putri memiliki motif Wayang Putri.</p>'),
(24, 'Cemplong', 'cemplong', 2, '<p style=\"text-align: justify;\"><a href=\"https://id.wikipedia.org/wiki/Kain_gringsing\"><strong>Cemplong</strong></a>, dicirikan dengan bunga besar di antara bunga-bunga kecil sehingga terlihat ada kekosongan antara bunga yang menjadi cemplong. Gringsing cemplong juga berfungsi sebagai busana adat dan upacara agama. Jenis-jenisnya terdiri dari ukuran Pat Likur (24 benang), senteng/anteng (busana di pinggang wanita), dan ukuran Petang Dasa (40 benang) yang sudah hampir punah.</p>\r\n<p style=\"text-align: justify;\">Dikutip dari</p>\r\n<p style=\"text-align: justify;\"><em>Ni Ketut Sri Astati Sukawati. TENUN GRINGSING TEKNIK PRODUKSI, MOTIF DAN MAKNA SIMBOLIK. Fakultas Teknik, Universitas Mahasaraswati: Denpasar</em></p>'),
(25, 'Patlikur isi', 'patlikur-isi', 2, '<p style=\"text-align: justify;\"><strong>Motif Gringsing Patlikur Isi</strong> ini merupakan perkembangan dari bentuk tanda(+) ples yang di Bali disebut dengan tapak dara. Gambar ples ini di Bali biasanya digunakan untuk menolak marabahaya. Bentuk bulat di tengah diartikan sebagai sumbu perputaran alam semesta. Motif ini mempunyai bentuk seperti pura (tempat ibadah) umat Hindhu. Motif yang digambarkan dalam kain Gringsing ini melambangkan bagaimana masyarakat Tenganan Pagringsingan melakukan ritual Keagamaan. Motif ini mempunyai bentuk seperti rumah tawon yang bermakna keberaturan suatu bentuk masyarakat.</p>\r\n<p style=\"text-align: justify;\">Dikutip dari</p>\r\n<p style=\"text-align: justify;\"><em>Ni Ketut Sri Astati Sukawati. TENUN GRINGSING TEKNIK PRODUKSI, MOTIF DAN MAKNA SIMBOLIK. Fakultas Teknik, Universitas Mahasaraswati: Denpasar</em></p>'),
(26, 'Tali Dandan', 'tali-dandan', 2, '<p style=\"text-align: justify;\"><strong>Motif Tali Dandan</strong> merupakan perkembangan dari bentuk tanda(+) plus yang di Bali disebut dengan tapak dara. Gambar ples ini di Bali biasanya digunakan untuk menolak marabahaya. Bentuk bulat di tengah diartikan sebagai sumbu perputaran alam semesta. Motif ini mempunyai bentuk seperti pura (tempat ibadah) umat Hindhu. Motif yang digambarkan dalam kain Gringsing ini melambangkan bagaimana masyarakat Tenganan Pagringsingan melakukan ritual<br />Keagamaan. Motif ini mempunyai bentuk seperti rumah tawon yang bermakna keberaturan suatu bentuk masyarakat.</p>\r\n<p style=\"text-align: justify;\">Dikutip dari</p>\r\n<p style=\"text-align: justify;\"><em>Ni Ketut Sri Astati Sukawati. TENUN GRINGSING TEKNIK PRODUKSI, MOTIF DAN MAKNA SIMBOLIK. Fakultas Teknik, Universitas Mahasaraswati: Denpasar</em></p>'),
(27, 'Batung Tuung', 'batung-tuung', 2, '<p style=\"text-align: justify;\"><strong>Tenun Gringsing Batung</strong> mempunyai bentuk seperti mahkota bunga. Yang dalam masyarakat Tenganan Pagringsingan, bunga adalah salah satu sarana prasarana untuk upacara adat dan upacara keagamaan. Terdapat pula motif seperti bentuk jejak kaki ayam. Dimana di Desa Tenganan Pagringsingan ayam digunakan sebagai sarana prasarana untuk sesaji dalam upacara adat dan upacara keagamaan. Adapun bentuk lain motif kain ini ialah perkembangan dari tanda ples (+) yang mempunyai makna sebagai lambang jalanya matahari.</p>\r\n<p style=\"text-align: justify;\">Dikutip dari</p>\r\n<p style=\"text-align: justify;\"><em>Ni Ketut Sri Astati Sukawati. TENUN GRINGSING TEKNIK PRODUKSI, MOTIF DAN MAKNA SIMBOLIK. Fakultas Teknik, Universitas Mahasaraswati: Denpasar</em></p>'),
(28, 'Enjekan Siap', 'enjekan-siap', 2, '<p style=\"text-align: justify;\"><strong>Tenun Grinsing Ejekan Siap</strong> mempunyai 3 bentuk diantaranya :</p>\r\n<ul>\r\n<li style=\"text-align: justify;\">Motif ini mempunyai bentuk seperti lambang kesehatan atau lambang rumah sakit (pada bentuk motif bagian kanan dan kiri). Yang artinya terhindar dari wabah atau sakit.</li>\r\n<li style=\"text-align: justify;\">Seperti yang sudah di bahas di atas bahwa motif ini mempunyai bentuk seperti tanda (+) ples yang di Bali disebut dengan tapak dara. Gambar ples ini di Bali biasanya digunakan untuk menolak marabahaya.</li>\r\n<li style=\"text-align: justify;\">Bentuk motif seperti bentuk jejak kaki ayam. Dimana di Desa Tenganan Pagringsingan ayam digunakan sebagai sarana prasarana untuk sesaji dalam upacara adat dan upacara keagamaan.</li>\r\n<li style=\"text-align: justify;\">Pagringsingan ayam digunakan sebagai sarana prasarana untuk sesaji dalam upacara adat dan upacara keagamaan.</li>\r\n</ul>\r\n<p>Dikutip dari</p>\r\n<p><em>Ni Ketut Sri Astati Sukawati. TENUN GRINGSING TEKNIK PRODUKSI, MOTIF DAN MAKNA SIMBOLIK. Fakultas Teknik, Universitas Mahasaraswati: Denpasar</em></p>'),
(29, 'Dingding Sigading', 'dingding-sigading', 2, '<p style=\"text-align: justify;\"><strong>Dingding Sigading</strong> mempunyai 2 bentuk motif diantaranya :</p>\r\n<ul>\r\n<li style=\"text-align: justify;\">Motif yang mempunyai bentuk seperti rumah tawon yang menggambarkan Keberaturan masyarakat Tenganan Pagringsingan.</li>\r\n<li style=\"text-align: justify;\">Seperti yang sudah di bahas di atas bahwa motif ini mempunyai bentuk seperti tanda (+) ples yang di Bali disebut dengan tapak dara. Gambar ples ini di Bali biasanya digunakan untuk menolak marabahaya.</li>\r\n</ul>\r\n<p>Dikutip dari</p>\r\n<p><em>Ni Ketut Sri Astati Sukawati. TENUN GRINGSING TEKNIK PRODUKSI, MOTIF DAN MAKNA SIMBOLIK. Fakultas Teknik, Universitas Mahasaraswati: Denpasar</em></p>'),
(30, 'Pa\' Sekong Kandaure', 'pasekong-kandaure', 3, '<p style=\"text-align: justify;\"><a href=\"https://batikindonesia.com/motif-kain-tenun-toraja/\"><strong>Pa&rsquo;sekong Kandaure</strong></a> berasal dari dua kata, yakni Sekong yang berarti lengkung yang membentuk garis siku. Dan Kandaure yang bermakna aksesoris yang digunakan oleh wanita saat memakai pakaian adat.</p>\n<p style=\"text-align: justify;\">Kain tenun ikat dengan motif ini melambangkan kebesaran perempuan Toraja. Sebab itulah, saat seorang perempuan Toraja meninggal dunia, maka peti mayatnya akan diberi kain dengan motif Pa&rsquo;sekong Kandaure.</p>'),
(31, 'Tau-Tau', 'tau-tau', 3, '<p style=\"text-align: justify;\"><a href=\"https://batikindonesia.com/motif-kain-tenun-toraja/\"><strong>Motif Tau-tau</strong></a><br />Motif Tau-tau biasanya terdapat pada kain sarita, yakni kain sakral suku Toraja yang dijadikan hiasan dalam acar adat. Kain ini juga merupakan kain antik yang menandakan kelas sosial pemakainya. Makna Tau-tau secara harfiah adalah orang-orangan. Pembuatan kain tenun Toraja dengan motif Tau-tau terbagi ke dalam dua jnis, yaoti Tau-tau lampa dan Tau-tau nangka.</p>'),
(32, 'Pa\' Tedong', 'pa-tedong', 3, '<p><a href=\"https://oleh2toraja.blogspot.com/p/mengenal-kain-tenun-tradisional.html\"><strong>Motif Pa\'Tedong</strong></a></p>\n<p>Pa‟tedong berasal dari kata Tedong yang dalam bahasa indonesia berarti kerbau. Motif Pa‟tedong menyerupai bagian muka seekor kerbau. Di Toraja, kerbau adalah binatang peliharaan yang utama dan sangat disayangi. Bagi masyarakat Toraja, kerbau memilki fungsi ganda yaitu sebagai emas kain, sebagai pengelolah sawah, alat transaksi dalam jual beli masyarakat, sebagai korban persembahan kepada dewa atau leluhur yang telah meninggal dan lain-lain.</p>'),
(33, 'Pa\'tangke Lumu\'', 'patangke-lumu', 3, '<p style=\"text-align: justify;\"><a href=\"https://oleh2toraja.blogspot.com/p/mengenal-kain-tenun-tradisional.html\"><strong>Motif Pa\'tangke Lumu\'</strong></a></p>\n<p style=\"text-align: justify;\">Motif Pa‟tangke lumu‟ terdiri dari dua kata yaitu tangke artinya tangkai dan lumu&rsquo; berarti lumut. Dalam bahasa Indonesia disebut tangkai lumut memiliki nilai sosial yang harus dijaga dalam masyarakat Toraja.</p>\n<p style=\"text-align: justify;\">Makna motif Pa‟tangke Lumut yang tersirat dalam kain tenun bagi masyarakat Toraja yaitu menggambarkan cara-cara kehidupan masyarakat Toraja dalam memenuhi kebutuhannya atau makanannya. Masyarakat Toraja diharapkan mampu mencari makanan dengan cara yang jujur dimana saja dia berada seperti tanaman lumut yang dapat tumbuh di batu-batu. Selain itu menjadi harapan dalam keluarga ada keharmonisan saling berhubungan satu dengan lain.</p>'),
(34, 'Pa\'bulu Londong', 'pabulu-londong', 3, '<p style=\"text-align: justify;\"><a href=\"https://oleh2toraja.blogspot.com/p/mengenal-kain-tenun-tradisional.html\"><strong>Pa\'bulu Londong</strong></a></p>\n<p style=\"text-align: justify;\">Pa‟bulu Londong terdiri dari kata bulu yaitu bulu dan londong artinya ayam jantan jika disatukan berarti bulu ayam jantan. Motif ini menyerupai rumbai ayam jantan. Motif ini biasanya terdapat pada bagian muka dan belakang rumah adat Toraja pada papan atas berbentuk segitiga.</p>\n<p style=\"text-align: justify;\">Ayam jantan di lambangkan sebagai kejantanan seorang laki-laki sebagai dimiliki seorang pemimpin dalam masyarakat. Pa‟bulu Londong melekat pada seseorang yang tokoh masyarakat (orang kesatria), yang dapat menjadi panutan bagi masyarakat Toraja.</p>\n<p style=\"text-align: justify;\">Makna dari motif ini yaitu: Melambangkan kepemimpinan yang arif dan bijaksana, dapat dipercaya oleh karena pintar, serta selalu mengatakan apa yang benar. Ada pepatah mengatakan: ayam dikenal karna tingkah lakunya artinya pemimpin yang bijaksana, arif akan dikenang selama-lamanya yang tingkah lakunya yang baik. Sehingga pada kain Sarita terdapat motif Pa‟ bulu Londong yang menggambarkan bahwa orang yang meninggal tersebut dahulunya semasa hidupnya merupakan seorang pemimpin (tokoh masyarakat) yang bijaksana.</p>'),
(35, 'Pa\'barre Allo', 'pa\'barre-allo', 3, '<p style=\"text-align: justify;\"><a href=\"https://oleh2toraja.blogspot.com/p/mengenal-kain-tenun-tradisional.html\"><strong>Motif Pa‟barre Allo</strong></a></p>\n<p style=\"text-align: justify;\">Pa‟ Barre Allo atau biasa disebut Sang Pencipta, Berasal dari Bahasa Toraja yaitu Barre: Bulatan atau Bundaran dan Allo: Matahari. Pa&rsquo;Barre Allo berarti ukiran yang menyerupai matahari yang bersinar terang, memberi kehidupan kepada seluruh mahluk penghuni alam semesta. Ukiran ini diletakkan pada bagian rumah adat yang berbentuk segitiga dan condong ke atas yang dalam bahasa Toraja disebut Para Longa, dan di letakkan di bagian belakang dan depan Rumah adat.</p>\n<p style=\"text-align: justify;\">Bagi masyarakat Toraja matahari dianggap sebagai simbol sebuah kehidupan yang berasal dari Sang Pencipta memberi kehidupan kepada seluruh mahluk penghuni alam semesta, serta merupakan simbol kebesaran dan kebanggaan masyarkat Toraja sehingga motif tersebut digunakan pada kain tenun tradisional Toraja khususnya dalam kain Sarita. Masyarakat Toraja Percaya bahwa sumber kehidupan dan segala sesuatu yang ada di dunia ini berasal dari Puang Matua (Tuhan Yang Maha Esa), selain itu pemilik tongkonan mempunyai kedudukan yang tertinggi dan mulia.</p>\n<p style=\"text-align: justify;\">Biasanya di atas ukiran ini diletakkan ukiran pa‟bulu Londong maksudnya adalah ilmu pengetahuan dan kearifat itu bertujuan mulia memberi kehidupn bagi siapapun.</p>'),
(36, 'Kluwung', 'kluwung', 4, '<p style=\"text-align: justify;\"><a href=\"https://id.wikipedia.org/wiki/Lurik\"><strong>Motif Kluwung</strong></a></p>\r\n<p style=\"text-align: justify;\">Kluwung adalah pelangi yang merupakan keajaiban alam dan tanda kebesaran Tuhan Sang Pencipta. Oleh sebab itu lurik corak kluwung dianggap sakral serta mempunyai tuah sebagai tolak bala. Secara simbolis, corak kluwung dilukiskan dengan garis-garis lebar beraneka warna bagaikan warna pelangi.</p>'),
(37, 'Tuluh Watu', 'tuluh-watu', 4, '<p style=\"text-align: justify;\"><a href=\"https://id.wikipedia.org/wiki/Lurik\"><strong>Motif Tuluh Watu</strong></a></p>\r\n<p style=\"text-align: justify;\">Tuluh Watu berarti &lsquo;batu yang bersinar&rsquo; dan dianggap bertuah sebagai penolak bala. Motif ini biasanya dipergunakan pada upacara Ruwatan Sukerta dan sebagai pelengkap sesajen upacara Labuhan. Tuluh dapat berarti pula kuat atau perkasa.</p>'),
(38, 'Tumbar Pecah', 'tumbar-pecah', 4, '<p style=\"text-align: justify;\"><a href=\"https://id.wikipedia.org/wiki/Lurik\"><strong>Motif Tumbar Pecah</strong></a></p>\r\n<p style=\"text-align: justify;\">Motif Tumbar Pecah diibaratkan orang memecah ketumbar dan seharum aroma ketumbar. Motif ini digunakan untuk upacara tingkeban atau mitoni dengan maksud agar kelahiran berjalan dengan lancar semudah memecah ketumbar, ibu dan anak dalam keadaan selamat dan kelak anak menjadi anak yang berguna dan harum namanya.</p>'),
(39, 'Sapit Urang', 'sapit-urang', 4, '<p style=\"text-align: justify;\"><a href=\"https://id.wikipedia.org/wiki/Lurik\"><strong>Motif Sapit Urang</strong></a></p>\r\n<p style=\"text-align: justify;\">Motif sapit urang yang berarti jepit udang adalah ungkapan simbolis suatu siasat perang, yaitu musuh dikelilingi atau dikepung dari samping dengan kekuatan komando serangan berpusat di tengah. Motif ini umumnya dipakai sebagai busana prajurit keraton..</p>'),
(40, 'Udan Liris', 'udan-liris', 4, '<p style=\"text-align: justify;\"><strong><a href=\"https://id.wikipedia.org/wiki/Lurik\">Motif Udan Liris</a></strong></p>\r\n<p style=\"text-align: justify;\">Motif udan liris artinya hujan gerimis. Karena hujan mengandung konotasi mendatangkan kesuburan, maka motif ini merupakan lambang kesuburan dan kesejahteraan.</p>\r\n<p style=\"text-align: justify;\">Meskipun motif dasar kain tenun lurik hanya berupa garis-garis, namun kain tersebut menjadi kekayaan budaya yang penting bagi masyarakat Jawa. Kain lurik dan pesan yang terdapat di dalamnya diharapkan lestari hingga generasi mendatang.</p>'),
(41, 'Lajuran', 'lanjuran', 4, '<p style=\"text-align: justify;\"><strong><a href=\"https://id.wikipedia.org/wiki/Lurik\">Motif Lajuran</a></strong></p>\r\n<p style=\"text-align: justify;\">Kata Lurik atau lorek sendiri diambil dari bahasa jawa yang berarti lajur, lurus, belang atau garis. Kain tenun lurik pada dasarnya memiliki tiga motif dasar yaitu motif lajuran dengan corak garis-garis panjang searah dengan helai kain</p>'),
(42, 'Kain Sumba Motif Ayam', 'kain-sumba-motif-ayam', 5, '<p style=\"text-align: justify;\"><a href=\"https://id.wikipedia.org/wiki/Tenun_Ikat_Sumba\"><strong>Kain Sumba Motif Ayam</strong></a></p>\r\n<p style=\"text-align: justify;\">Kain Sumba dengan motif gambar ayam merupakan salah satu motif kain yang biasa ditemukan di Kabupaten Sumba Timur. Motif ini merupakan motif ayam jantan, yang melambangkan tanda kesadaran (karena ayam selalu berkokok setiap pagi membangunkan manusia) , kehidupan, serta pemimpin yang bersifat melindungi.</p>'),
(43, 'Kain Sumba Motif Kuda', 'kain-sumba-motif-kuda', 5, '<p style=\"text-align: justify;\"><a href=\"https://id.wikipedia.org/wiki/Tenun_Ikat_Sumba\"><strong>Kain Sumba Motif Kuda</strong></a></p>\r\n<p style=\"text-align: justify;\">Kain Sumba Motif Kuda merupkan salah satu motif kain yang berasal dari Kabupaten Sumba Timur. Kuda merupakan salah satu hewan yang sering digunakan oleh masyarakat Pulau Sumba sebagai &ldquo;kendaraan&rdquo; , dan kuda juga melambangkan sebuah kejantanan, keberanian juga ketangkasan.Motif Kain kuda merupakan motif yang diminati oleh para wisatawan, dan motif kain kuda juga banyak di jual di pasar pasar tradisional.</p>'),
(44, 'Kain Sumba Motif Rusa', 'kain-sumba-motif-rusa', 5, '<p style=\"text-align: justify;\"><a href=\"https://id.wikipedia.org/wiki/Tenun_Ikat_Sumba\"><strong>Kain Sumba Motif Rusa</strong></a></p>\r\n<p style=\"text-align: justify;\">Kain Sumba Motif Rusa merupakan motif kain khas Kabupaten Sumba Timur, dan motif kain ini melambangkan kebijaksanaan pemimpin yang diharapkan bisa membawa kesejahteraan bagi masyarakatnya, serta dapat mengatasi permasalah yang terjadi dalam masyarakat.</p>'),
(45, 'Kain Sumba Motif Manusia', 'kain-Sumba Motif  Manusia', 5, '<p style=\"text-align: justify;\"><strong><a href=\"https://id.wikipedia.org/wiki/Tenun_Ikat_Sumba\">Kain Sumba Motif Manusia</a></strong></p>\r\n<p style=\"text-align: justify;\">Kain khas Sumba dengan motif manusia juga salah satu motif kain yang berasal dari Kabupaten Sumba Timur. Motif ini melambangkan manusia yang polos, ketakutan , dan juga kesendirian , namun motif ini juga berfungsi untuk menolak kejahatan. Karena tenunannya yang bagus, membuat kain yang satu ini menjadi salah satu kain favorit dan paling dicari wisatawan. Di banderol dengan harga sekitar Rp 1.000.000, kain ini bisa menjadi kenang kenangan saat kamu berlibur di Kabupaten Sumba Timur.</p>'),
(46, 'Kain Sumba Motif Mamuli', 'kain-sumba-motif-mamuli', 5, '<p style=\"text-align: justify;\"><a href=\"https://id.wikipedia.org/wiki/Tenun_Ikat_Sumba\"><strong>Kain Sumba Motif Mamuli</strong></a></p>\r\n<p style=\"text-align: justify;\">Kain Sumba dengan motif Mamuli&nbsp; merupakan salah satu motif&nbsp; kain yang ada di Kabupaten Sumba Barat, dan motif ini biasa digunakan oleh wanita di Kabupaten Sumba Barat sebagai lambang wanita yang maskulin serta wanita yang feminim.</p>'),
(47, 'Kain Sumba Motif Garis', 'kain-sumba-motif-garis', 5, '<p style=\"text-align: justify;\"><strong><a href=\"https://id.wikipedia.org/wiki/Tenun_Ikat_Sumba\">Kain Sumba Motif Garis</a></strong></p>\r\n<p style=\"text-align: justify;\">Kain Sumba Motif Garis juga merupakan kain khas Sumba Barat, dan yang membedakan dengan motif Mamuli adalah Motif Kain Garis digunakan untuk para pria. &nbsp;Kain ini juga digunakan untuk pria saat melaksanakan tradisi Belis (seserahan).Kain Sumba dengan motif Mamuli&nbsp; merupakan salah satu motif&nbsp; kain yang ada di Kabupaten Sumba Barat, dan motif ini biasa digunakan oleh wanita di Kabupaten Sumba Barat sebagai lambang wanita yang maskulin serta wanita yang feminim.</p>');

--
-- Indexes for dumped tables
--

--
-- Indeks untuk tabel `products`
--
ALTER TABLE `products`
  ADD PRIMARY KEY (`id`,`product_slug`);

--
-- Indeks untuk tabel `weaving`
--
ALTER TABLE `weaving`
  ADD PRIMARY KEY (`id`,`weaving_slug`);

--
-- Indeks untuk tabel `weaving_category`
--
ALTER TABLE `weaving_category`
  ADD PRIMARY KEY (`id`,`weaving_category_slug`);

--
-- AUTO_INCREMENT untuk tabel yang dibuang
--

--
-- AUTO_INCREMENT untuk tabel `products`
--
ALTER TABLE `products`
  MODIFY `id` int(11) NOT NULL AUTO_INCREMENT, AUTO_INCREMENT=73;

--
-- AUTO_INCREMENT untuk tabel `weaving`
--
ALTER TABLE `weaving`
  MODIFY `id` int(11) NOT NULL AUTO_INCREMENT, AUTO_INCREMENT=21;

--
-- AUTO_INCREMENT untuk tabel `weaving_category`
--
ALTER TABLE `weaving_category`
  MODIFY `id` int(11) NOT NULL AUTO_INCREMENT, AUTO_INCREMENT=59;
COMMIT;

/*!40101 SET CHARACTER_SET_CLIENT=@OLD_CHARACTER_SET_CLIENT */;
/*!40101 SET CHARACTER_SET_RESULTS=@OLD_CHARACTER_SET_RESULTS */;
/*!40101 SET COLLATION_CONNECTION=@OLD_COLLATION_CONNECTION */;
